session,feature,username,hostname,start_action,start_datetime,end_datetime,duration_min,end_action,product,customer,license_type,count,level,hash_id
"28000197D99708E5","CAC-FPEFTXJTEMCEPRXTRE","AdministratorAA","AITS25A1NB0140","Grant","2025-07-14 03:43:47.917","2025-07-14 03:44:42.819","0.92","Detachment","Dassault Systemes V5","R1132103523401","ConcurrentUser","1","STD","CAC-FPEFTXJTEMCEPRXTRE-Dassault Systemes V5-28000197D99708E5-140725034347-AITS25A1NB0140-AdministratorAA"
"18000197D996FD1E","CAC-FPEFTXJTEMCEPRXTRE","AdministratorAA","AITS25A1NB0140","Grant","2025-07-14 04:02:56.928","2025-07-14 04:32:35.203","29.64","Detachment","Dassault Systemes V5","R1132103523401","ConcurrentUser","1","STD","CAC-FPEFTXJTEMCEPRXTRE-Dassault Systemes V5-18000197D996FD1E-140725040256-AITS25A1NB0140-AdministratorAA"
"48000197D997463D","CAC-FPEFTXJTEMCEPRXTRE","AdministratorAA","AITS25A1NB0140","Grant","2025-07-14 04:47:22.281","2025-07-14 04:49:21.574","1.99","Detachment","Dassault Systemes V5","R1132103523401","ConcurrentUser","1","STD","CAC-FPEFTXJTEMCEPRXTRE-Dassault Systemes V5-48000197D997463D-140725044722-AITS25A1NB0140-AdministratorAA"
"18000197D996FD26","CAC-FPEFTXJTEMCEPRXTRE","AdministratorAA","AITS25A1NB0140","Grant","2025-07-14 04:49:33.256","2025-07-14 04:57:37.747","8.07","Detachment","Dassault Systemes V5","R1132103523401","ConcurrentUser","1","STD","CAC-FPEFTXJTEMCEPRXTRE-Dassault Systemes V5-18000197D996FD26-140725044933-AITS25A1NB0140-AdministratorAA"
"18000197D996FD28","CAC-FPEFTXJTEMCEPRXTRE","Supakit.U","AITS25A1NB0140","Grant","2025-07-14 05:00:31.461","2025-07-14 05:01:04.498","0.55","Detachment","Dassault Systemes V5","R1132103523401","ConcurrentUser","1","STD","CAC-FPEFTXJTEMCEPRXTRE-Dassault Systemes V5-18000197D996FD28-140725050031-AITS25A1NB0140-Supakit.U"
"48000197D9974641","CAC-FPEFTXJTEMCEPRXTRE","Supakit.U","AITS25A1NB0140","Grant","2025-07-14 05:01:14.929","2025-07-14 05:01:56.166","0.69","Detachment","Dassault Systemes V5","R1132103523401","ConcurrentUser","1","STD","CAC-FPEFTXJTEMCEPRXTRE-Dassault Systemes V5-48000197D9974641-140725050114-AITS25A1NB0140-Supakit.U"
"48000197D9974642","CAC-FPEFTXJTEMCEPRXTRE","Supakit.U","AITS25A1NB0140","Grant","2025-07-14 05:03:03.714","2025-07-14 05:03:36.551","0.55","Detachment","Dassault Systemes V5","R1132103523401","ConcurrentUser","1","STD","CAC-FPEFTXJTEMCEPRXTRE-Dassault Systemes V5-48000197D9974642-140725050303-AITS25A1NB0140-Supakit.U"
"48000197D997465E","CAC-FPEFTXJTEMCEPRXTRE","Supakit.U","AITS25A1NB0140","Grant","2025-07-14 06:11:16.248","2025-07-14 06:11:42.911","0.44","Detachment","Dassault Systemes V5","R1132103523401","ConcurrentUser","1","STD","CAC-FPEFTXJTEMCEPRXTRE-Dassault Systemes V5-48000197D997465E-140725061116-AITS25A1NB0140-Supakit.U"
"48000197D9974685","CAC-FPEFTXJTEMCEPRXTRE","Supakit.U","AITS25A1NB0140","Grant","2025-07-14 07:53:30.166","2025-07-14 08:16:38.908","23.15","Detachment","Dassault Systemes V5","R1132103523401","ConcurrentUser","1","STD","CAC-FPEFTXJTEMCEPRXTRE-Dassault Systemes V5-48000197D9974685-140725075330-AITS25A1NB0140-Supakit.U"
"28000197D997093B","CAC-FPEFTXJTEMCEPRXTRE","Supakit.U","AITS25A1NB0140","Grant","2025-07-14 08:16:41.811","2025-07-14 08:51:22.138","34.67","Detachment","Dassault Systemes V5","R1132103523401","ConcurrentUser","1","STD","CAC-FPEFTXJTEMCEPRXTRE-Dassault Systemes V5-28000197D997093B-140725081641-AITS25A1NB0140-Supakit.U"
"18000197D996FD79","CAC-FPEFTXJTEMCEPRXTRE","Supakit.U","AITS25A1NB0140","Grant","2025-07-14 09:11:57.758","2025-07-14 10:39:44.950","87.79","Detachment","Dassault Systemes V5","R1132103523401","ConcurrentUser","1","STD","CAC-FPEFTXJTEMCEPRXTRE-Dassault Systemes V5-18000197D996FD79-140725091157-AITS25A1NB0140-Supakit.U"
"28000197D997099D","CAC-FPEFTXJTEMCEPRXTRE","Supakit.U","AITS25A1NB0140","Grant","2025-07-15 01:09:54.554","2025-07-15 01:23:17.723","13.39","Detachment","Dassault Systemes V5","R1132103523401","ConcurrentUser","1","STD","CAC-FPEFTXJTEMCEPRXTRE-Dassault Systemes V5-28000197D997099D-150725010954-AITS25A1NB0140-Supakit.U"
"48000197D99746F4","CAC-FPEFTXJTEMCEPRXTRE","Supakit.U","AITS25A1NB0140","Grant","2025-07-15 01:23:24.086","2025-07-15 01:23:43.033","0.32","Detachment","Dassault Systemes V5","R1132103523401","ConcurrentUser","1","STD","CAC-FPEFTXJTEMCEPRXTRE-Dassault Systemes V5-48000197D99746F4-150725012324-AITS25A1NB0140-Supakit.U"
"48000197D99746F5","CAC-FPEFTXJTEMCEPRXTRE","Supakit.U","AITS25A1NB0140","Grant","2025-07-15 01:23:46.693","2025-07-15 01:25:17.832","1.52","Detachment","Dassault Systemes V5","R1132103523401","ConcurrentUser","1","STD","CAC-FPEFTXJTEMCEPRXTRE-Dassault Systemes V5-48000197D99746F5-150725012346-AITS25A1NB0140-Supakit.U"
"18000197D996FDC6","CAC-FPEFTXJTEMCEPRXTRE","Supakit.U","AITS25A1NB0140","Grant","2025-07-15 01:25:24.199","2025-07-15 01:26:28.639","1.07","Detachment","Dassault Systemes V5","R1132103523401","ConcurrentUser","1","STD","CAC-FPEFTXJTEMCEPRXTRE-Dassault Systemes V5-18000197D996FDC6-150725012524-AITS25A1NB0140-Supakit.U"
"18000197D996FDC7","CAC-FPEFTXJTEMCEPRXTRE","Supakit.U","AITS25A1NB0140","Grant","2025-07-15 01:26:31.238","2025-07-15 01:27:24.819","0.89","Detachment","Dassault Systemes V5","R1132103523401","ConcurrentUser","1","STD","CAC-FPEFTXJTEMCEPRXTRE-Dassault Systemes V5-18000197D996FDC7-150725012631-AITS25A1NB0140-Supakit.U"
"18000197D996FDD3","CAC-FPEFTXJTEMCEPRXTRE","Supakit.U","AITS25A1NB0140","Grant","2025-07-15 01:37:10.003","2025-07-15 02:03:30.272","26.34","Detachment","Dassault Systemes V5","R1132103523401","ConcurrentUser","1","STD","CAC-FPEFTXJTEMCEPRXTRE-Dassault Systemes V5-18000197D996FDD3-150725013710-AITS25A1NB0140-Supakit.U"
"28000197D99709B0","CAC-FPEFTXJTEMCEPRXTRE","Supakit.U","AITS25A1NB0140","Grant","2025-07-15 02:04:34.961","2025-07-15 02:05:52.442","1.29","Detachment","Dassault Systemes V5","R1132103523401","ConcurrentUser","1","STD","CAC-FPEFTXJTEMCEPRXTRE-Dassault Systemes V5-28000197D99709B0-150725020434-AITS25A1NB0140-Supakit.U"
"48000197D9974709","CAC-FPEFTXJTEMCEPRXTRE","Supakit.U","AITS25A1NB0140","Grant","2025-07-15 02:05:56.199","2025-07-15 02:07:05.987","1.16","Detachment","Dassault Systemes V5","R1132103523401","ConcurrentUser","1","STD","CAC-FPEFTXJTEMCEPRXTRE-Dassault Systemes V5-48000197D9974709-150725020556-AITS25A1NB0140-Supakit.U"
"48000197D997470A","CAC-FPEFTXJTEMCEPRXTRE","Supakit.U","AITS25A1NB0140","Grant","2025-07-15 02:07:08.734","2025-07-15 02:07:39.077","0.51","Detachment","Dassault Systemes V5","R1132103523401","ConcurrentUser","1","STD","CAC-FPEFTXJTEMCEPRXTRE-Dassault Systemes V5-48000197D997470A-150725020708-AITS25A1NB0140-Supakit.U"
"28000197D99709BB","CAC-FPEFTXJTEMCEPRXTRE","Supakit.U","AITS25A1NB0140","Grant","2025-07-15 02:43:24.009","2025-07-15 05:59:26.129","196.04","Detachment","Dassault Systemes V5","R1132103523401","ConcurrentUser","1","STD","CAC-FPEFTXJTEMCEPRXTRE-Dassault Systemes V5-28000197D99709BB-150725024324-AITS25A1NB0140-Supakit.U"
"18000197D996FE18","CAC-FPEFTXJTEMCEPRXTRE","Supakit.U","AITS25A1NB0140","Grant","2025-07-15 06:05:26.036","2025-07-15 07:07:43.833","62.3","Detachment","Dassault Systemes V5","R1132103523401","ConcurrentUser","1","STD","CAC-FPEFTXJTEMCEPRXTRE-Dassault Systemes V5-18000197D996FE18-150725060526-AITS25A1NB0140-Supakit.U"
"18000197D996FE30","CAC-FPEFTXJTEMCEPRXTRE","Supakit.U","AITS25A1NB0140","Grant","2025-07-15 07:08:07.725","2025-07-15 07:09:06.731","0.98","Detachment","Dassault Systemes V5","R1132103523401","ConcurrentUser","1","STD","CAC-FPEFTXJTEMCEPRXTRE-Dassault Systemes V5-18000197D996FE30-150725070807-AITS25A1NB0140-Supakit.U"
"48000197D9974778","CAC-FPEFTXJTEMCEPRXTRE","Supakit.U","AITS25A1NB0140","Grant","2025-07-15 07:09:14.730","2025-07-15 07:11:58.395","2.73","Detachment","Dassault Systemes V5","R1132103523401","ConcurrentUser","1","STD","CAC-FPEFTXJTEMCEPRXTRE-Dassault Systemes V5-48000197D9974778-150725070914-AITS25A1NB0140-Supakit.U"
"18000197D996FE33","CAC-FPEFTXJTEMCEPRXTRE","Supakit.U","AITS25A1NB0140","Grant","2025-07-15 07:12:00.579","2025-07-15 07:12:58.589","0.97","Detachment","Dassault Systemes V5","R1132103523401","ConcurrentUser","1","STD","CAC-FPEFTXJTEMCEPRXTRE-Dassault Systemes V5-18000197D996FE33-150725071200-AITS25A1NB0140-Supakit.U"
"18000197D996FE47","CAC-FPEFTXJTEMCEPRXTRE","Supakit.U","AITS25A1NB0140","Grant","2025-07-15 08:06:38.687","2025-07-15 08:08:43.181","2.07","Detachment","Dassault Systemes V5","R1132103523401","ConcurrentUser","1","STD","CAC-FPEFTXJTEMCEPRXTRE-Dassault Systemes V5-18000197D996FE47-150725080638-AITS25A1NB0140-Supakit.U"
"480001980D1A6B5B","CAC-FPEFTXJTEMCEPRXTRE","Supakit.U","AITS25A1NB0140","Grant","2025-07-15 08:08:45.884","2025-07-15 08:10:04.445","1.31","Detachment","Dassault Systemes V5","R1132103523401","ConcurrentUser","1","STD","CAC-FPEFTXJTEMCEPRXTRE-Dassault Systemes V5-480001980D1A6B5B-150725080845-AITS25A1NB0140-Supakit.U"
"480001980D1A6B5C","CAC-FPEFTXJTEMCEPRXTRE","Supakit.U","AITS25A1NB0140","Grant","2025-07-15 08:15:40.263","2025-07-15 08:16:46.544","1.1","Detachment","Dassault Systemes V5","R1132103523401","ConcurrentUser","1","STD","CAC-FPEFTXJTEMCEPRXTRE-Dassault Systemes V5-480001980D1A6B5C-150725081540-AITS25A1NB0140-Supakit.U"
"18000197D996FE48","CAC-FPEFTXJTEMCEPRXTRE","Supakit.U","AITS25A1NB0140","Grant","2025-07-15 08:16:50.054","2025-07-15 08:22:59.762","6.16","Detachment","Dassault Systemes V5","R1132103523401","ConcurrentUser","1","STD","CAC-FPEFTXJTEMCEPRXTRE-Dassault Systemes V5-18000197D996FE48-150725081650-AITS25A1NB0140-Supakit.U"
"28000197D9970A13","CAC-FPEFTXJTEMCEPRXTRE","Supakit.U","AITS25A1NB0140","Grant","2025-07-15 07:13:24.183","2025-07-15 08:27:21.030","73.95","Detachment","Dassault Systemes V5","R1132103523401","ConcurrentUser","1","STD","CAC-FPEFTXJTEMCEPRXTRE-Dassault Systemes V5-28000197D9970A13-150725071324-AITS25A1NB0140-Supakit.U"
"18000197D996FE4F","CAC-FPEFTXJTEMCEPRXTRE","Supakit.U","AITS25A1NB0140","Grant","2025-07-15 08:31:45.863","2025-07-15 09:45:44.887","73.98","Detachment","Dassault Systemes V5","R1132103523401","ConcurrentUser","1","STD","CAC-FPEFTXJTEMCEPRXTRE-Dassault Systemes V5-18000197D996FE4F-150725083145-AITS25A1NB0140-Supakit.U"
"18000197D996FE98","CAC-FPEFTXJTEMCEPRXTRE","Supakit.U","AITS25A1NB0140","Grant","2025-07-16 01:18:43.363","2025-07-16 01:48:50.981","30.13","Detachment","Dassault Systemes V5","R1132103523401","ConcurrentUser","1","STD","CAC-FPEFTXJTEMCEPRXTRE-Dassault Systemes V5-18000197D996FE98-160725011843-AITS25A1NB0140-Supakit.U"
"480001980D1A6BAC","CAC-FPEFTXJTEMCEPRXTRE","Supakit.U","AITS25A1NB0140","Grant","2025-07-16 01:56:56.523","2025-07-16 05:34:32.230","217.6","TimeOut","Dassault Systemes V5","R1132103523401","ConcurrentUser","1","STD","CAC-FPEFTXJTEMCEPRXTRE-Dassault Systemes V5-480001980D1A6BAC-160725015656-AITS25A1NB0140-Supakit.U"
"18000197D996FF10","CAC-FPEFTXJTEMCEPRXTRE","Supakit.U","AITS25A1NB0140","Grant","2025-07-16 09:11:16.473","2025-07-16 09:14:43.248","3.45","Detachment","Dassault Systemes V5","R1132103523401","ConcurrentUser","1","STD","CAC-FPEFTXJTEMCEPRXTRE-Dassault Systemes V5-18000197D996FF10-160725091116-AITS25A1NB0140-Supakit.U"
"28000197D9970AD9","CAC-FPEFTXJTEMCEPRXTRE","Supakit.U","AITS25A1NB0140","Grant","2025-07-16 09:14:49.654","2025-07-16 09:15:33.713","0.73","Detachment","Dassault Systemes V5","R1132103523401","ConcurrentUser","1","STD","CAC-FPEFTXJTEMCEPRXTRE-Dassault Systemes V5-28000197D9970AD9-160725091449-AITS25A1NB0140-Supakit.U"
"480001980D1A6BF2","CAC-FPEFTXJTEMCEPRXTRE","Supakit.U","AITS25A1NB0140","Grant","2025-07-16 06:01:28.670","2025-07-16 09:22:36.138","201.12","Detachment","Dassault Systemes V5","R1132103523401","ConcurrentUser","1","STD","CAC-FPEFTXJTEMCEPRXTRE-Dassault Systemes V5-480001980D1A6BF2-160725060128-AITS25A1NB0140-Supakit.U"
"28000197D9970B1A","CAC-FPEFTXJTEMCEPRXTRE","Supakit.U","AITS25A1NB0140","Grant","2025-07-17 01:10:35.083","2025-07-17 01:33:07.753","22.54","Detachment","Dassault Systemes V5","R1132103523401","ConcurrentUser","1","STD","CAC-FPEFTXJTEMCEPRXTRE-Dassault Systemes V5-28000197D9970B1A-170725011035-AITS25A1NB0140-Supakit.U"
"18000197D996FF61","CAC-FPEFTXJTEMCEPRXTRE","Supakit.U","AITS25A1NB0140","Grant","2025-07-17 01:33:13.383","2025-07-17 01:37:48.762","4.59","Detachment","Dassault Systemes V5","R1132103523401","ConcurrentUser","1","STD","CAC-FPEFTXJTEMCEPRXTRE-Dassault Systemes V5-18000197D996FF61-170725013313-AITS25A1NB0140-Supakit.U"
"28000197D9970B27","CAC-FPEFTXJTEMCEPRXTRE","Supakit.U","AITS25A1NB0140","Grant","2025-07-17 01:37:52.585","2025-07-17 01:38:19.554","0.45","Detachment","Dassault Systemes V5","R1132103523401","ConcurrentUser","1","STD","CAC-FPEFTXJTEMCEPRXTRE-Dassault Systemes V5-28000197D9970B27-170725013752-AITS25A1NB0140-Supakit.U"
"480001980D1A6C61","CAC-FPEFTXJTEMCEPRXTRE","Supakit.U","AITS25A1NB0140","Grant","2025-07-17 01:16:38.414","2025-07-17 01:38:21.152","21.71","Detachment","Dassault Systemes V5","R1132103523401","ConcurrentUser","1","STD","CAC-FPEFTXJTEMCEPRXTRE-Dassault Systemes V5-480001980D1A6C61-170725011638-AITS25A1NB0140-Supakit.U"
"18000197D996FF54","CAC-FPEFTXJTEMCEPRXTRE","Supakit.U","AITS25A1NB0140","Grant","2025-07-17 01:16:08.143","2025-07-17 01:38:50.680","22.71","Detachment","Dassault Systemes V5","R1132103523401","ConcurrentUser","1","STD","CAC-FPEFTXJTEMCEPRXTRE-Dassault Systemes V5-18000197D996FF54-170725011608-AITS25A1NB0140-Supakit.U"
"18000197D996FF67","CAC-FPEFTXJTEMCEPRXTRE","Supakit.U","AITS25A1NB0140","Grant","2025-07-17 01:38:54.557","2025-07-17 01:39:38.882","0.74","Detachment","Dassault Systemes V5","R1132103523401","ConcurrentUser","1","STD","CAC-FPEFTXJTEMCEPRXTRE-Dassault Systemes V5-18000197D996FF67-170725013854-AITS25A1NB0140-Supakit.U"
"18000197D996FF69","CAC-FPEFTXJTEMCEPRXTRE","Supakit.U","AITS25A1NB0140","Grant","2025-07-17 01:39:40.886","2025-07-17 01:40:09.985","0.48","Detachment","Dassault Systemes V5","R1132103523401","ConcurrentUser","1","STD","CAC-FPEFTXJTEMCEPRXTRE-Dassault Systemes V5-18000197D996FF69-170725013940-AITS25A1NB0140-Supakit.U"
"18000197D996FF6A","CAC-FPEFTXJTEMCEPRXTRE","Supakit.U","AITS25A1NB0140","Grant","2025-07-17 01:40:11.956","2025-07-17 01:40:52.715","0.68","Detachment","Dassault Systemes V5","R1132103523401","ConcurrentUser","1","STD","CAC-FPEFTXJTEMCEPRXTRE-Dassault Systemes V5-18000197D996FF6A-170725014011-AITS25A1NB0140-Supakit.U"
"18000197D996FF6B","CAC-FPEFTXJTEMCEPRXTRE","Supakit.U","AITS25A1NB0140","Grant","2025-07-17 01:40:55.731","2025-07-17 01:48:00.653","7.08","Detachment","Dassault Systemes V5","R1132103523401","ConcurrentUser","1","STD","CAC-FPEFTXJTEMCEPRXTRE-Dassault Systemes V5-18000197D996FF6B-170725014055-AITS25A1NB0140-Supakit.U"
"28000197D9970B2D","CAC-FPEFTXJTEMCEPRXTRE","Supakit.U","AITS25A1NB0140","Grant","2025-07-17 01:51:58.613","2025-07-17 01:56:38.311","4.66","Detachment","Dassault Systemes V5","R1132103523401","ConcurrentUser","1","STD","CAC-FPEFTXJTEMCEPRXTRE-Dassault Systemes V5-28000197D9970B2D-170725015158-AITS25A1NB0140-Supakit.U"
"28000197D9970B2F","CAC-FPEFTXJTEMCEPRXTRE","Supakit.U","AITS25A1NB0140","Grant","2025-07-17 01:57:59.068","2025-07-17 01:58:18.454","0.32","Detachment","Dassault Systemes V5","R1132103523401","ConcurrentUser","1","STD","CAC-FPEFTXJTEMCEPRXTRE-Dassault Systemes V5-28000197D9970B2F-170725015759-AITS25A1NB0140-Supakit.U"
"18000197D996FF70","CAC-FPEFTXJTEMCEPRXTRE","Supakit.U","AITS25A1NB0140","Grant","2025-07-17 02:01:18.012","2025-07-17 02:01:38.134","0.34","Detachment","Dassault Systemes V5","R1132103523401","ConcurrentUser","1","STD","CAC-FPEFTXJTEMCEPRXTRE-Dassault Systemes V5-18000197D996FF70-170725020118-AITS25A1NB0140-Supakit.U"
"480001980D1A6C75","CAC-FPEFTXJTEMCEPRXTRE","Supakit.U","AITS25A1NB0140","Grant","2025-07-17 02:02:15.664","2025-07-17 02:02:37.422","0.36","Detachment","Dassault Systemes V5","R1132103523401","ConcurrentUser","1","STD","CAC-FPEFTXJTEMCEPRXTRE-Dassault Systemes V5-480001980D1A6C75-170725020215-AITS25A1NB0140-Supakit.U"
"480001980D1A6C77","CAC-FPEFTXJTEMCEPRXTRE","Supakit.U","AITS25A1NB0140","Grant","2025-07-17 02:03:33.628","2025-07-17 02:03:48.737","0.25","Detachment","Dassault Systemes V5","R1132103523401","ConcurrentUser","1","STD","CAC-FPEFTXJTEMCEPRXTRE-Dassault Systemes V5-480001980D1A6C77-170725020333-AITS25A1NB0140-Supakit.U"
"28000197D9970B37","CAC-FPEFTXJTEMCEPRXTRE","Supakit.U","AITS25A1NB0140","Grant","2025-07-17 02:08:35.519","2025-07-17 02:43:35.127","34.99","Detachment","Dassault Systemes V5","R1132103523401","ConcurrentUser","1","STD","CAC-FPEFTXJTEMCEPRXTRE-Dassault Systemes V5-28000197D9970B37-170725020835-AITS25A1NB0140-Supakit.U"
"480001980D1A6C95","CAC-FPEFTXJTEMCEPRXTRE","Supakit.U","AITS25A1NB0140","Grant","2025-07-17 02:51:39.961","2025-07-17 03:00:59.803","9.33","Detachment","Dassault Systemes V5","R1132103523401","ConcurrentUser","1","STD","CAC-FPEFTXJTEMCEPRXTRE-Dassault Systemes V5-480001980D1A6C95-170725025139-AITS25A1NB0140-Supakit.U"
"28000197D9970B4E","CAC-FPEFTXJTEMCEPRXTRE","Supakit.U","AITS25A1NB0140","Grant","2025-07-17 02:54:26.906","2025-07-17 03:11:41.970","17.25","Detachment","Dassault Systemes V5","R1132103523401","ConcurrentUser","1","STD","CAC-FPEFTXJTEMCEPRXTRE-Dassault Systemes V5-28000197D9970B4E-170725025426-AITS25A1NB0140-Supakit.U"
"28000197D9970B58","CAC-FPEFTXJTEMCEPRXTRE","Supakit.U","AITS25A1NB0140","Grant","2025-07-17 03:11:47.203","2025-07-17 03:12:04.333","0.29","Detachment","Dassault Systemes V5","R1132103523401","ConcurrentUser","1","STD","CAC-FPEFTXJTEMCEPRXTRE-Dassault Systemes V5-28000197D9970B58-170725031147-AITS25A1NB0140-Supakit.U"
"480001980D1A6CA9","CAC-FPEFTXJTEMCEPRXTRE","Supakit.U","AITS25A1NB0140","Grant","2025-07-17 03:12:20.288","2025-07-17 07:50:12.465","277.87","Detachment","Dassault Systemes V5","R1132103523401","ConcurrentUser","1","STD","CAC-FPEFTXJTEMCEPRXTRE-Dassault Systemes V5-480001980D1A6CA9-170725031220-AITS25A1NB0140-Supakit.U"
"480001980D1A6D2F","CAC-FPEFTXJTEMCEPRXTRE","Supakit.U","AITS25A1NB0140","Grant","2025-07-17 07:53:13.612","2025-07-17 09:04:39.314","71.43","Detachment","Dassault Systemes V5","R1132103523401","ConcurrentUser","1","STD","CAC-FPEFTXJTEMCEPRXTRE-Dassault Systemes V5-480001980D1A6D2F-170725075313-AITS25A1NB0140-Supakit.U"
"480001980D1A6D50","CAC-FPEFTXJTEMCEPRXTRE","Supakit.U","AITS25A1NB0140","Grant","2025-07-17 09:23:17.509","2025-07-17 09:45:28.941","22.19","Detachment","Dassault Systemes V5","R1132103523401","ConcurrentUser","1","STD","CAC-FPEFTXJTEMCEPRXTRE-Dassault Systemes V5-480001980D1A6D50-170725092317-AITS25A1NB0140-Supakit.U"
"18000197D9970070","CAC-FPEFTXJTEMCEPRXTRE","Supakit.U","AITS25A1NB0140","Grant","2025-07-18 01:22:42.654","2025-07-18 01:37:05.108","14.37","Detachment","Dassault Systemes V5","R1132103523401","ConcurrentUser","1","STD","CAC-FPEFTXJTEMCEPRXTRE-Dassault Systemes V5-18000197D9970070-180725012242-AITS25A1NB0140-Supakit.U"
"480001980D1A6DEC","CAC-FPEFTXJTEMCEPRXTRE","Supakit.U","AITS25A1NB0140","Grant","2025-07-18 01:37:07.978","2025-07-18 01:38:00.210","0.87","Detachment","Dassault Systemes V5","R1132103523401","ConcurrentUser","1","STD","CAC-FPEFTXJTEMCEPRXTRE-Dassault Systemes V5-480001980D1A6DEC-180725013707-AITS25A1NB0140-Supakit.U"
"18000197D9970076","CAC-FPEFTXJTEMCEPRXTRE","Supakit.U","AITS25A1NB0140","Grant","2025-07-18 01:47:59.319","2025-07-18 01:50:41.692","2.71","Detachment","Dassault Systemes V5","R1132103523401","ConcurrentUser","1","STD","CAC-FPEFTXJTEMCEPRXTRE-Dassault Systemes V5-18000197D9970076-180725014759-AITS25A1NB0140-Supakit.U"
"18000197D997007F","CAC-FPEFTXJTEMCEPRXTRE","Supakit.U","AITS25A1NB0140","Grant","2025-07-18 02:09:00.626","2025-07-18 02:09:21.234","0.34","Detachment","Dassault Systemes V5","R1132103523401","ConcurrentUser","1","STD","CAC-FPEFTXJTEMCEPRXTRE-Dassault Systemes V5-18000197D997007F-180725020900-AITS25A1NB0140-Supakit.U"
"28000197D9970C67","CAC-FPEFTXJTEMCEPRXTRE","Supakit.U","AITS25A1NB0140","Grant","2025-07-18 02:09:28.794","2025-07-18 02:09:54.725","0.43","Detachment","Dassault Systemes V5","R1132103523401","ConcurrentUser","1","STD","CAC-FPEFTXJTEMCEPRXTRE-Dassault Systemes V5-28000197D9970C67-180725020928-AITS25A1NB0140-Supakit.U"
"28000197D9970C74","CAC-FPEFTXJTEMCEPRXTRE","Supakit.U","AITS25A1NB0140","Grant","2025-07-18 02:40:23.103","2025-07-18 02:41:16.727","0.89","Detachment","Dassault Systemes V5","R1132103523401","ConcurrentUser","1","STD","CAC-FPEFTXJTEMCEPRXTRE-Dassault Systemes V5-28000197D9970C74-180725024023-AITS25A1NB0140-Supakit.U"
"480001980D1A6E04","CAC-FPEFTXJTEMCEPRXTRE","Supakit.U","AITS25A1NB0140","Grant","2025-07-18 02:41:56.975","2025-07-18 02:43:03.989","1.12","Detachment","Dassault Systemes V5","R1132103523401","ConcurrentUser","1","STD","CAC-FPEFTXJTEMCEPRXTRE-Dassault Systemes V5-480001980D1A6E04-180725024156-AITS25A1NB0140-Supakit.U"
"18000197D997008C","CAC-FPEFTXJTEMCEPRXTRE","Supakit.U","AITS25A1NB0140","Grant","2025-07-18 02:43:07.003","2025-07-18 02:43:22.423","0.26","Detachment","Dassault Systemes V5","R1132103523401","ConcurrentUser","1","STD","CAC-FPEFTXJTEMCEPRXTRE-Dassault Systemes V5-18000197D997008C-180725024307-AITS25A1NB0140-Supakit.U"
"18000197D9970098","CAC-FPEFTXJTEMCEPRXTRE","Supakit.U","AITS25A1NB0140","Grant","2025-07-18 03:24:36.353","2025-07-18 03:25:02.240","0.43","Detachment","Dassault Systemes V5","R1132103523401","ConcurrentUser","1","STD","CAC-FPEFTXJTEMCEPRXTRE-Dassault Systemes V5-18000197D9970098-180725032436-AITS25A1NB0140-Supakit.U"
"480001980D1A6E14","CAC-FPEFTXJTEMCEPRXTRE","Supakit.U","AITS25A1NB0140","Grant","2025-07-18 03:22:01.163","2025-07-18 03:39:40.164","17.65","TimeOut","Dassault Systemes V5","R1132103523401","ConcurrentUser","1","STD","CAC-FPEFTXJTEMCEPRXTRE-Dassault Systemes V5-480001980D1A6E14-180725032201-AITS25A1NB0140-Supakit.U"
"480001980D1A6E15","CAC-FPEFTXJTEMCEPRXTRE","Supakit.U","AITS25A1NB0140","Grant","2025-07-18 03:26:08.638","2025-07-18 04:00:27.510","34.31","Detachment","Dassault Systemes V5","R1132103523401","ConcurrentUser","1","STD","CAC-FPEFTXJTEMCEPRXTRE-Dassault Systemes V5-480001980D1A6E15-180725032608-AITS25A1NB0140-Supakit.U"
"480001980D1A6E31","CAC-FPEFTXJTEMCEPRXTRE","Tossapon.C","AITS25A1NB0160","Grant","2025-07-18 04:09:37.350","2025-07-18 04:09:58.858","0.36","Detachment","Dassault Systemes V5","R1132103523401","ConcurrentUser","1","STD","CAC-FPEFTXJTEMCEPRXTRE-Dassault Systemes V5-480001980D1A6E31-180725040937-AITS25A1NB0160-Tossapon.C"
"28000197D9970C97","CAC-FPEFTXJTEMCEPRXTRE","Tossapon.C","AITS25A1NB0160","Grant","2025-07-18 04:10:08.439","2025-07-18 04:12:44.514","2.6","Detachment","Dassault Systemes V5","R1132103523401","ConcurrentUser","1","STD","CAC-FPEFTXJTEMCEPRXTRE-Dassault Systemes V5-28000197D9970C97-180725041008-AITS25A1NB0160-Tossapon.C"
"18000197D99700A8","CAC-FPEFTXJTEMCEPRXTRE","Tossapon.C","AITS25A1NB0160","Grant","2025-07-18 04:13:29.124","2025-07-18 04:15:41.995","2.21","Detachment","Dassault Systemes V5","R1132103523401","ConcurrentUser","1","STD","CAC-FPEFTXJTEMCEPRXTRE-Dassault Systemes V5-18000197D99700A8-180725041329-AITS25A1NB0160-Tossapon.C"
"18000197D99700A9","CAC-FPEFTXJTEMCEPRXTRE","Supakit.U","AITS25A1NB0140","Grant","2025-07-18 04:27:06.330","2025-07-18 04:35:15.426","8.15","Detachment","Dassault Systemes V5","R1132103523401","ConcurrentUser","1","STD","CAC-FPEFTXJTEMCEPRXTRE-Dassault Systemes V5-18000197D99700A9-180725042706-AITS25A1NB0140-Supakit.U"
"18000197D99700AA","CAC-FPEFTXJTEMCEPRXTRE","Supakit.U","AITS25A1NB0140","Grant","2025-07-18 04:37:36.811","2025-07-18 04:41:18.422","3.69","Detachment","Dassault Systemes V5","R1132103523401","ConcurrentUser","1","STD","CAC-FPEFTXJTEMCEPRXTRE-Dassault Systemes V5-18000197D99700AA-180725043736-AITS25A1NB0140-Supakit.U"
"28000197D9970C9C","CAC-FPEFTXJTEMCEPRXTRE","Tossapon.C","AITS25A1NB0160","Grant","2025-07-18 04:41:27.573","2025-07-18 04:42:13.173","0.76","Detachment","Dassault Systemes V5","R1132103523401","ConcurrentUser","1","STD","CAC-FPEFTXJTEMCEPRXTRE-Dassault Systemes V5-28000197D9970C9C-180725044127-AITS25A1NB0160-Tossapon.C"
"28000197D9970C9D","CAC-FPEFTXJTEMCEPRXTRE","Tossapon.C","AITS25A1NB0160","Grant","2025-07-18 04:42:15.615","2025-07-18 04:42:49.372","0.56","Detachment","Dassault Systemes V5","R1132103523401","ConcurrentUser","1","STD","CAC-FPEFTXJTEMCEPRXTRE-Dassault Systemes V5-28000197D9970C9D-180725044215-AITS25A1NB0160-Tossapon.C"
"480001980D1A6E3B","CAC-FPEFTXJTEMCEPRXTRE","Tossapon.C","AITS25A1NB0160","Grant","2025-07-18 04:43:24.694","2025-07-18 04:45:13.615","1.82","Detachment","Dassault Systemes V5","R1132103523401","ConcurrentUser","1","STD","CAC-FPEFTXJTEMCEPRXTRE-Dassault Systemes V5-480001980D1A6E3B-180725044324-AITS25A1NB0160-Tossapon.C"
"18000197D99700AC","CAC-FPEFTXJTEMCEPRXTRE","Supakit.U","AITS25A1NB0140","Grant","2025-07-18 04:48:17.514","2025-07-18 04:56:40.179","8.38","Detachment","Dassault Systemes V5","R1132103523401","ConcurrentUser","1","STD","CAC-FPEFTXJTEMCEPRXTRE-Dassault Systemes V5-18000197D99700AC-180725044817-AITS25A1NB0140-Supakit.U"
"18000197D99700AB","CAC-FPEFTXJTEMCEPRXTRE","Supakit.U","AITS25A1NB0140","Grant","2025-07-18 04:47:54.243","2025-07-18 05:05:33.243","17.65","TimeOut","Dassault Systemes V5","R1132103523401","ConcurrentUser","1","STD","CAC-FPEFTXJTEMCEPRXTRE-Dassault Systemes V5-18000197D99700AB-180725044754-AITS25A1NB0140-Supakit.U"
"18000197D99700BC","CAC-FPEFTXJTEMCEPRXTRE","Supakit.U","AITS25A1NB0140","Grant","2025-07-18 05:28:14.119","2025-07-18 05:33:26.871","5.21","Detachment","Dassault Systemes V5","R1132103523401","ConcurrentUser","1","STD","CAC-FPEFTXJTEMCEPRXTRE-Dassault Systemes V5-18000197D99700BC-180725052814-AITS25A1NB0140-Supakit.U"
"18000197D99700BD","CAC-FPEFTXJTEMCEPRXTRE","Supakit.U","AITS25A1NB0140","Grant","2025-07-18 05:33:32.374","2025-07-18 05:37:07.091","3.58","Detachment","Dassault Systemes V5","R1132103523401","ConcurrentUser","1","STD","CAC-FPEFTXJTEMCEPRXTRE-Dassault Systemes V5-18000197D99700BD-180725053332-AITS25A1NB0140-Supakit.U"
"480001980D1A6E44","CAC-FPEFTXJTEMCEPRXTRE","Supakit.U","AITS25A1NB0140","Grant","2025-07-18 05:37:10.397","2025-07-18 05:38:20.184","1.16","Detachment","Dassault Systemes V5","R1132103523401","ConcurrentUser","1","STD","CAC-FPEFTXJTEMCEPRXTRE-Dassault Systemes V5-480001980D1A6E44-180725053710-AITS25A1NB0140-Supakit.U"
"18000197D99700EF","CAC-FPEFTXJTEMCEPRXTRE","Supakit.U","AITS25A1NB0140","Grant","2025-07-18 07:59:00.961","2025-07-18 08:01:57.307","2.94","Detachment","Dassault Systemes V5","R1132103523401","ConcurrentUser","1","STD","CAC-FPEFTXJTEMCEPRXTRE-Dassault Systemes V5-18000197D99700EF-180725075900-AITS25A1NB0140-Supakit.U"
"28000197D9970CA9","CAC-FPEFTXJTEMCEPRXTRE","Supakit.U","AITS25A1NB0140","Grant","2025-07-18 05:38:23.602","2025-07-18 09:47:17.003","248.89","Detachment","Dassault Systemes V5","R1132103523401","ConcurrentUser","1","STD","CAC-FPEFTXJTEMCEPRXTRE-Dassault Systemes V5-28000197D9970CA9-180725053823-AITS25A1NB0140-Supakit.U"
"18000197D997020A","CAC-FPEFTXJTEMCEPRXTRE","Tossapon.C","AITS25A1NB0160","Grant","2025-07-20 19:13:46.753","2025-07-20 19:15:49.799","2.05","Detachment","Dassault Systemes V5","R1132103523401","ConcurrentUser","1","STD","CAC-FPEFTXJTEMCEPRXTRE-Dassault Systemes V5-18000197D997020A-200725191346-AITS25A1NB0160-Tossapon.C"
"18000197D9970222","CAC-FPEFTXJTEMCEPRXTRE","Supakit.U","AITS25A1NB0140","Grant","2025-07-21 01:06:48.661","2025-07-21 01:07:52.588","1.07","Detachment","Dassault Systemes V5","R1132103523401","ConcurrentUser","1","STD","CAC-FPEFTXJTEMCEPRXTRE-Dassault Systemes V5-18000197D9970222-210725010648-AITS25A1NB0140-Supakit.U"
"480001980D1A7039","CAC-FPEFTXJTEMCEPRXTRE","Supakit.U","AITS25A1NB0140","Grant","2025-07-21 01:08:03.788","2025-07-21 01:08:44.409","0.68","Detachment","Dassault Systemes V5","R1132103523401","ConcurrentUser","1","STD","CAC-FPEFTXJTEMCEPRXTRE-Dassault Systemes V5-480001980D1A7039-210725010803-AITS25A1NB0140-Supakit.U"
"28000197D9970E67","CAC-FPEFTXJTEMCEPRXTRE","Supakit.U","AITS25A1NB0140","Grant","2025-07-21 01:26:40.469","2025-07-21 01:26:58.155","0.29","Detachment","Dassault Systemes V5","R1132103523401","ConcurrentUser","1","STD","CAC-FPEFTXJTEMCEPRXTRE-Dassault Systemes V5-28000197D9970E67-210725012640-AITS25A1NB0140-Supakit.U"
"28000197D9970E65","CAC-FPEFTXJTEMCEPRXTRE","Supakit.U","AITS25A1NB0140","Grant","2025-07-21 01:24:54.345","2025-07-21 01:42:33.345","17.65","TimeOut","Dassault Systemes V5","R1132103523401","ConcurrentUser","1","STD","CAC-FPEFTXJTEMCEPRXTRE-Dassault Systemes V5-28000197D9970E65-210725012454-AITS25A1NB0140-Supakit.U"
"18000197D9970226","CAC-FPEFTXJTEMCEPRXTRE","Supakit.U","AITS25A1NB0140","Grant","2025-07-21 01:33:14.820","2025-07-21 02:29:39.359","56.41","Detachment","Dassault Systemes V5","R1132103523401","ConcurrentUser","1","STD","CAC-FPEFTXJTEMCEPRXTRE-Dassault Systemes V5-18000197D9970226-210725013314-AITS25A1NB0140-Supakit.U"
"480001980D1A705C","CAC-FPEFTXJTEMCEPRXTRE","Supakit.U","AITS25A1NB0140","Grant","2025-07-21 02:29:43.796","2025-07-21 02:42:42.291","12.97","Detachment","Dassault Systemes V5","R1132103523401","ConcurrentUser","1","STD","CAC-FPEFTXJTEMCEPRXTRE-Dassault Systemes V5-480001980D1A705C-210725022943-AITS25A1NB0140-Supakit.U"
"28000197D9970E89","CAC-FPEFTXJTEMCEPRXTRE","Supakit.U","AITS25A1NB0140","Grant","2025-07-21 02:54:38.196","2025-07-21 02:56:56.415","2.3","Detachment","Dassault Systemes V5","R1132103523401","ConcurrentUser","1","STD","CAC-FPEFTXJTEMCEPRXTRE-Dassault Systemes V5-28000197D9970E89-210725025438-AITS25A1NB0140-Supakit.U"
"28000197D9970E88","CAC-FPEFTXJTEMCEPRXTRE","Supakit.U","AITS25A1NB0140","Grant","2025-07-21 02:50:32.682","2025-07-21 03:08:11.682","17.65","TimeOut","Dassault Systemes V5","R1132103523401","ConcurrentUser","1","STD","CAC-FPEFTXJTEMCEPRXTRE-Dassault Systemes V5-28000197D9970E88-210725025032-AITS25A1NB0140-Supakit.U"
"28000197D9970E9E","CAC-FPEFTXJTEMCEPRXTRE","Supakit.U","AITS25A1NB0140","Grant","2025-07-21 04:05:33.432","2025-07-21 04:12:21.338","6.8","Detachment","Dassault Systemes V5","R1132103523401","ConcurrentUser","1","STD","CAC-FPEFTXJTEMCEPRXTRE-Dassault Systemes V5-28000197D9970E9E-210725040533-AITS25A1NB0140-Supakit.U"
"480001980D1A7086","CAC-FPEFTXJTEMCEPRXTRE","Supakit.U","AITS25A1NB0140","Grant","2025-07-21 04:12:23.825","2025-07-21 04:13:14.836","0.85","Detachment","Dassault Systemes V5","R1132103523401","ConcurrentUser","1","STD","CAC-FPEFTXJTEMCEPRXTRE-Dassault Systemes V5-480001980D1A7086-210725041223-AITS25A1NB0140-Supakit.U"
"18000197D997025D","CAC-FPEFTXJTEMCEPRXTRE","Supakit.U","AITS25A1NB0140","Grant","2025-07-21 04:13:16.906","2025-07-21 04:13:39.646","0.38","Detachment","Dassault Systemes V5","R1132103523401","ConcurrentUser","1","STD","CAC-FPEFTXJTEMCEPRXTRE-Dassault Systemes V5-18000197D997025D-210725041316-AITS25A1NB0140-Supakit.U"
"480001980D1A7088","CAC-FPEFTXJTEMCEPRXTRE","Supakit.U","AITS25A1NB0140","Grant","2025-07-21 04:13:41.616","2025-07-21 05:02:32.696","48.85","Detachment","Dassault Systemes V5","R1132103523401","ConcurrentUser","1","STD","CAC-FPEFTXJTEMCEPRXTRE-Dassault Systemes V5-480001980D1A7088-210725041341-AITS25A1NB0140-Supakit.U"
"18000197D997027D","CAC-FPEFTXJTEMCEPRXTRE","Supakit.U","AITS25A1NB0140","Grant","2025-07-21 06:28:21.915","2025-07-21 09:57:58.292","209.61","Detachment","Dassault Systemes V5","R1132103523401","ConcurrentUser","1","STD","CAC-FPEFTXJTEMCEPRXTRE-Dassault Systemes V5-18000197D997027D-210725062821-AITS25A1NB0140-Supakit.U"
"480001980D1A72FD","CAC-FPEFTXJTEMCEPRXTRE","Tossapon.C","AITS25A1NB0160","Grant","2025-07-23 09:53:33.176","2025-07-23 09:57:21.047","3.8","Detachment","Dassault Systemes V5","R1132103523401","ConcurrentUser","1","STD","CAC-FPEFTXJTEMCEPRXTRE-Dassault Systemes V5-480001980D1A72FD-230725095333-AITS25A1NB0160-Tossapon.C"
"18000197D997043A","CAC-FPEFTXJTEMCEPRXTRE","Supakit.U","AITS25A1NB0140","Grant","2025-07-24 01:55:33.075","2025-07-24 01:55:48.242","0.25","Detachment","Dassault Systemes V5","R1132103523401","ConcurrentUser","1","STD","CAC-FPEFTXJTEMCEPRXTRE-Dassault Systemes V5-18000197D997043A-240725015533-AITS25A1NB0140-Supakit.U"
"480001980D1A7348","CAC-FPEFTXJTEMCEPRXTRE","Supakit.U","AITS25A1NB0140","Grant","2025-07-24 02:07:26.236","2025-07-24 02:39:56.809","32.51","TimeOut","Dassault Systemes V5","R1132103523401","ConcurrentUser","1","STD","CAC-FPEFTXJTEMCEPRXTRE-Dassault Systemes V5-480001980D1A7348-240725020726-AITS25A1NB0140-Supakit.U"
"480001980D1A735D","CAC-FPEFTXJTEMCEPRXTRE","Supakit.U","AITS25A1NB0140","Grant","2025-07-24 03:19:58.246","2025-07-24 04:44:16.278","84.3","TimeOut","Dassault Systemes V5","R1132103523401","ConcurrentUser","1","STD","CAC-FPEFTXJTEMCEPRXTRE-Dassault Systemes V5-480001980D1A735D-240725031958-AITS25A1NB0140-Supakit.U"
"480001980D1A7375","CAC-FPEFTXJTEMCEPRXTRE","Supakit.U","AITS25A1NB0140","Grant","2025-07-24 04:46:40.392","2025-07-24 05:20:58.750","34.31","TimeOut","Dassault Systemes V5","R1132103523401","ConcurrentUser","1","STD","CAC-FPEFTXJTEMCEPRXTRE-Dassault Systemes V5-480001980D1A7375-240725044640-AITS25A1NB0140-Supakit.U"
"480001980D1A738F","CAC-FPEFTXJTEMCEPRXTRE","Supakit.U","AITS25A1NB0140","Grant","2025-07-24 06:01:38.449","2025-07-24 06:03:55.768","2.29","Detachment","Dassault Systemes V5","R1132103523401","ConcurrentUser","1","STD","CAC-FPEFTXJTEMCEPRXTRE-Dassault Systemes V5-480001980D1A738F-240725060138-AITS25A1NB0140-Supakit.U"
"480001980D1A7390","CAC-FPEFTXJTEMCEPRXTRE","Supakit.U","AITS25A1NB0140","Grant","2025-07-24 06:03:59.340","2025-07-24 08:14:29.067","130.5","Detachment","Dassault Systemes V5","R1132103523401","ConcurrentUser","1","STD","CAC-FPEFTXJTEMCEPRXTRE-Dassault Systemes V5-480001980D1A7390-240725060359-AITS25A1NB0140-Supakit.U"
"18000197D9970499","CAC-FPEFTXJTEMCEPRXTRE","Supakit.U","AITS25A1NB0140","Grant","2025-07-24 08:21:56.349","2025-07-24 10:05:20.497","103.4","Detachment","Dassault Systemes V5","R1132103523401","ConcurrentUser","1","STD","CAC-FPEFTXJTEMCEPRXTRE-Dassault Systemes V5-18000197D9970499-240725082156-AITS25A1NB0140-Supakit.U"
"480001980D1A742B","CAC-FPEFTXJTEMCEPRXTRE","Supakit.U","AITS25A1NB0140","Grant","2025-07-25 01:07:52.277","2025-07-25 07:26:50.309","378.97","Detachment","Dassault Systemes V5","R1132103523401","ConcurrentUser","1","STD","CAC-FPEFTXJTEMCEPRXTRE-Dassault Systemes V5-480001980D1A742B-250725010752-AITS25A1NB0140-Supakit.U"
"18000197D9970524","CAC-FPEFTXJTEMCEPRXTRE","Supakit.U","AITS25A1NB0140","Grant","2025-07-25 07:28:26.112","2025-07-25 10:01:35.520","153.16","Detachment","Dassault Systemes V5","R1132103523401","ConcurrentUser","1","STD","CAC-FPEFTXJTEMCEPRXTRE-Dassault Systemes V5-18000197D9970524-250725072826-AITS25A1NB0140-Supakit.U"
"28000197D99711FB","CAC-FPEFTXJTEMCEPRXTRE","Supakit.U","AITS25A1NB0140","Grant","2025-07-25 10:01:37.088","2025-07-25 10:13:28.437","11.86","Detachment","Dassault Systemes V5","R1132103523401","ConcurrentUser","1","STD","CAC-FPEFTXJTEMCEPRXTRE-Dassault Systemes V5-28000197D99711FB-250725100137-AITS25A1NB0140-Supakit.U"
"18000197D9970583","CAC-FPEFTXJTEMCEPRXTRE","Supakit.U","AITS25A1NB0140","Grant","2025-07-26 09:26:50.161","2025-07-26 10:37:46.488","70.94","Detachment","Dassault Systemes V5","R1132103523401","ConcurrentUser","1","STD","CAC-FPEFTXJTEMCEPRXTRE-Dassault Systemes V5-18000197D9970583-260725092650-AITS25A1NB0140-Supakit.U"
"480001980D1A76C4","CAC-FPEFTXJTEMCEPRXTRE","Supakit.U","AITS25A1NB0140","Grant","2025-07-29 01:17:42.420","2025-07-29 05:11:52.669","234.17","TimeOut","Dassault Systemes V5","R1132103523401","ConcurrentUser","1","STD","CAC-FPEFTXJTEMCEPRXTRE-Dassault Systemes V5-480001980D1A76C4-290725011742-AITS25A1NB0140-Supakit.U"
"480001980D1A7739","CAC-FPEFTXJTEMCEPRXTRE","Supakit.U","AITS25A1NB0140","Grant","2025-07-29 06:02:11.709","2025-07-29 10:08:30.037","246.31","Detachment","Dassault Systemes V5","R1132103523401","ConcurrentUser","1","STD","CAC-FPEFTXJTEMCEPRXTRE-Dassault Systemes V5-480001980D1A7739-290725060211-AITS25A1NB0140-Supakit.U"
"480001980D1A77DD","CAC-FPEFTXJTEMCEPRXTRE","Supakit.U","AITS25A1NB0140","Grant","2025-07-30 00:59:32.499","2025-07-30 05:10:21.452","250.82","TimeOut","Dassault Systemes V5","R1132103523401","ConcurrentUser","1","STD","CAC-FPEFTXJTEMCEPRXTRE-Dassault Systemes V5-480001980D1A77DD-300725005932-AITS25A1NB0140-Supakit.U"
"480001980D1A785A","CAC-FPEFTXJTEMCEPRXTRE","Supakit.U","AITS25A1NB0140","Grant","2025-07-30 06:03:07.477","2025-07-30 06:07:52.451","4.75","Detachment","Dassault Systemes V5","R1132103523401","ConcurrentUser","1","STD","CAC-FPEFTXJTEMCEPRXTRE-Dassault Systemes V5-480001980D1A785A-300725060307-AITS25A1NB0140-Supakit.U"
"28000197D99714A8","CAC-FPEFTXJTEMCEPRXTRE","Supakit.U","AITS25A1NB0140","Grant","2025-07-30 06:06:52.496","2025-07-30 10:02:54.439","236.03","Detachment","Dassault Systemes V5","R1132103523401","ConcurrentUser","1","STD","CAC-FPEFTXJTEMCEPRXTRE-Dassault Systemes V5-28000197D99714A8-300725060652-AITS25A1NB0140-Supakit.U"
"480001980D1A78DC","CAC-FPEFTXJTEMCEPRXTRE","Supakit.U","AITS25A1NB0140","Grant","2025-07-31 01:09:37.381","2025-07-31 09:40:41.534","511.07","Detachment","Dassault Systemes V5","R1132103523401","ConcurrentUser","1","STD","CAC-FPEFTXJTEMCEPRXTRE-Dassault Systemes V5-480001980D1A78DC-310725010937-AITS25A1NB0140-Supakit.U"
"28000197D997160C","CAC-FPEFTXJTEMCEPRXTRE","Supakit.U","AITS25A1NB0140","Grant","2025-08-01 01:07:29.580","2025-08-01 05:23:55.734","256.44","TimeOut","Dassault Systemes V5","R1132103523401","ConcurrentUser","1","STD","CAC-FPEFTXJTEMCEPRXTRE-Dassault Systemes V5-28000197D997160C-010825010729-AITS25A1NB0140-Supakit.U"
"28000197D997166A","CAC-FPEFTXJTEMCEPRXTRE","Supakit.U","AITS25A1NB0140","Grant","2025-08-01 06:00:51.774","2025-08-01 06:10:29.360","9.63","Detachment","Dassault Systemes V5","R1132103523401","ConcurrentUser","1","STD","CAC-FPEFTXJTEMCEPRXTRE-Dassault Systemes V5-28000197D997166A-010825060051-AITS25A1NB0140-Supakit.U"
"28000197D997166C","CAC-FPEFTXJTEMCEPRXTRE","Supakit.U","AITS25A1NB0140","Grant","2025-08-01 06:01:46.278","2025-08-01 06:19:25.278","17.65","TimeOut","Dassault Systemes V5","R1132103523401","ConcurrentUser","1","STD","CAC-FPEFTXJTEMCEPRXTRE-Dassault Systemes V5-28000197D997166C-010825060146-AITS25A1NB0140-Supakit.U"
"28000197D997166F","CAC-FPEFTXJTEMCEPRXTRE","Supakit.U","AITS25A1NB0140","Grant","2025-08-01 06:08:21.945","2025-08-01 08:26:46.574","138.41","Detachment","Dassault Systemes V5","R1132103523401","ConcurrentUser","1","STD","CAC-FPEFTXJTEMCEPRXTRE-Dassault Systemes V5-28000197D997166F-010825060821-AITS25A1NB0140-Supakit.U"
"480001980D1A7AE5","CAC-FPEFTXJTEMCEPRXTRE","Supakit.U","AITS25A1NB0140","Grant","2025-08-02 01:05:20.853","2025-08-02 02:48:07.656","102.78","Detachment","Dassault Systemes V5","R1132103523401","ConcurrentUser","1","STD","CAC-FPEFTXJTEMCEPRXTRE-Dassault Systemes V5-480001980D1A7AE5-020825010520-AITS25A1NB0140-Supakit.U"
"18000197D9970927","CAC-FPEFTXJTEMCEPRXTRE","Supakit.U","AITS25A1NB0140","Grant","2025-08-02 02:54:54.547","2025-08-02 04:43:43.845","108.82","Detachment","Dassault Systemes V5","R1132103523401","ConcurrentUser","1","STD","CAC-FPEFTXJTEMCEPRXTRE-Dassault Systemes V5-18000197D9970927-020825025454-AITS25A1NB0140-Supakit.U"
"18000197D997093F","CAC-FPEFTXJTEMCEPRXTRE","Supakit.U","AITS25A1NB0140","Grant","2025-08-02 06:57:11.750","2025-08-02 09:11:29.188","134.29","TimeOut","Dassault Systemes V5","R1132103523401","ConcurrentUser","1","STD","CAC-FPEFTXJTEMCEPRXTRE-Dassault Systemes V5-18000197D997093F-020825065711-AITS25A1NB0140-Supakit.U"
"28000197D99717B8","CAC-FPEFTXJTEMCEPRXTRE","Supakit.U","AITS25A1NB0140","Grant","2025-08-04 01:13:32.526","2025-08-04 08:22:41.036","429.14","Detachment","Dassault Systemes V5","R1132103523401","ConcurrentUser","1","STD","CAC-FPEFTXJTEMCEPRXTRE-Dassault Systemes V5-28000197D99717B8-040825011332-AITS25A1NB0140-Supakit.U"
"28000197D99718A1","CAC-FPEFTXJTEMCEPRXTRE","Supakit.U","AITS25A1NB0140","Grant","2025-08-05 02:25:43.838","2025-08-05 02:43:22.838","17.65","TimeOut","Dassault Systemes V5","R1132103523401","ConcurrentUser","1","STD","CAC-FPEFTXJTEMCEPRXTRE-Dassault Systemes V5-28000197D99718A1-050825022543-AITS25A1NB0140-Supakit.U"
"480001980D1A7D40","CAC-FPEFTXJTEMCEPRXTRE","Supakit.U","AITS25A1NB0140","Grant","2025-08-05 02:31:07.876","2025-08-05 05:02:00.418","150.88","TimeOut","Dassault Systemes V5","R1132103523401","ConcurrentUser","1","STD","CAC-FPEFTXJTEMCEPRXTRE-Dassault Systemes V5-480001980D1A7D40-050825023107-AITS25A1NB0140-Supakit.U"
"480001980D1A7D87","CAC-FPEFTXJTEMCEPRXTRE","Supakit.U","AITS25A1NB0140","Grant","2025-08-05 05:52:51.082","2025-08-05 08:49:07.895","176.28","Detachment","Dassault Systemes V5","R1132103523401","ConcurrentUser","1","STD","CAC-FPEFTXJTEMCEPRXTRE-Dassault Systemes V5-480001980D1A7D87-050825055251-AITS25A1NB0140-Supakit.U"
"480001980D1A7F16","CAC-FPEFTXJTEMCEPRXTRE","Supakit.U","AITS25A1NB0140","Grant","2025-08-07 01:04:53.730","2025-08-07 07:07:18.070","362.41","TimeOut","Dassault Systemes V5","R1132103523401","ConcurrentUser","1","STD","CAC-FPEFTXJTEMCEPRXTRE-Dassault Systemes V5-480001980D1A7F16-070825010453-AITS25A1NB0140-Supakit.U"
"18000197D9970D14","CAC-FPEFTXJTEMCEPRXTRE","Supakit.U","AITS25A1NB0140","Grant","2025-08-07 09:34:51.207","2025-08-07 09:39:15.765","4.41","Detachment","Dassault Systemes V5","R1132103523401","ConcurrentUser","1","STD","CAC-FPEFTXJTEMCEPRXTRE-Dassault Systemes V5-18000197D9970D14-070825093451-AITS25A1NB0140-Supakit.U"
"28000197D9971A9A","CAC-FPEFTXJTEMCEPRXTRE","Supakit.U","AITS25A1NB0140","Grant","2025-08-07 07:00:32.040","2025-08-07 09:46:03.857","165.53","Detachment","Dassault Systemes V5","R1132103523401","ConcurrentUser","1","STD","CAC-FPEFTXJTEMCEPRXTRE-Dassault Systemes V5-28000197D9971A9A-070825070032-AITS25A1NB0140-Supakit.U"
"480001980D1A805F","CAC-FPEFTXJTEMCEPRXTRE","Tossapon.C","AITS25A1NB0160","Grant","2025-08-08 00:55:05.756","2025-08-08 01:00:59.918","5.9","Detachment","Dassault Systemes V5","R1132103523401","ConcurrentUser","1","STD","CAC-FPEFTXJTEMCEPRXTRE-Dassault Systemes V5-480001980D1A805F-080825005505-AITS25A1NB0160-Tossapon.C"
"480001980D1A8065","CAC-FPEFTXJTEMCEPRXTRE","Supakit.U","AITS25A1NB0140","Grant","2025-08-08 01:28:29.441","2025-08-08 02:54:22.418","85.88","Detachment","Dassault Systemes V5","R1132103523401","ConcurrentUser","1","STD","CAC-FPEFTXJTEMCEPRXTRE-Dassault Systemes V5-480001980D1A8065-080825012829-AITS25A1NB0140-Supakit.U"
"480001980D1A8092","CAC-FPEFTXJTEMCEPRXTRE","Supakit.U","AITS25A1NB0140","Grant","2025-08-08 03:55:47.839","2025-08-08 05:23:50.911","88.05","TimeOut","Dassault Systemes V5","R1132103523401","ConcurrentUser","1","STD","CAC-FPEFTXJTEMCEPRXTRE-Dassault Systemes V5-480001980D1A8092-080825035547-AITS25A1NB0140-Supakit.U"
"480001980D1A80AD","CAC-FPEFTXJTEMCEPRXTRE","Supakit.U","AITS25A1NB0140","Grant","2025-08-08 05:59:59.317","2025-08-08 06:17:56.288","17.95","Detachment","Dassault Systemes V5","R1132103523401","ConcurrentUser","1","STD","CAC-FPEFTXJTEMCEPRXTRE-Dassault Systemes V5-480001980D1A80AD-080825055959-AITS25A1NB0140-Supakit.U"
"18000197D9970DA9","CAC-FPEFTXJTEMCEPRXTRE","Supakit.U","AITS25A1NB0140","Grant","2025-08-08 06:46:04.071","2025-08-08 07:20:38.196","34.57","Detachment","Dassault Systemes V5","R1132103523401","ConcurrentUser","1","STD","CAC-FPEFTXJTEMCEPRXTRE-Dassault Systemes V5-18000197D9970DA9-080825064604-AITS25A1NB0140-Supakit.U"
"18000197D9970DD2","CAC-FPEFTXJTEMCEPRXTRE","Tossapon.C","AITS25A1NB0160","Grant","2025-08-08 09:44:37.500","2025-08-08 09:51:22.149","6.74","Detachment","Dassault Systemes V5","R1132103523401","ConcurrentUser","1","STD","CAC-FPEFTXJTEMCEPRXTRE-Dassault Systemes V5-18000197D9970DD2-080825094437-AITS25A1NB0160-Tossapon.C"
"28000197D9971C0F","CAC-FPEFTXJTEMCEPRXTRE","Tossapon.C","AITS25A1NB0160","Grant","2025-08-09 02:46:23.507","2025-08-09 02:53:23.989","7.01","Detachment","Dassault Systemes V5","R1132103523401","ConcurrentUser","1","STD","CAC-FPEFTXJTEMCEPRXTRE-Dassault Systemes V5-28000197D9971C0F-090825024623-AITS25A1NB0160-Tossapon.C"
"28000197D9971CE6","CAC-FPEFTXJTEMCEPRXTRE","Supakit.U","AITS25A1NB0140","Grant","2025-08-11 01:27:47.593","2025-08-11 02:07:36.637","39.82","Detachment","Dassault Systemes V5","R1132103523401","ConcurrentUser","1","STD","CAC-FPEFTXJTEMCEPRXTRE-Dassault Systemes V5-28000197D9971CE6-110825012747-AITS25A1NB0140-Supakit.U"
"480001980D1A8253","CAC-FPEFTXJTEMCEPRXTRE","Supakit.U","AITS25A1NB0140","Grant","2025-08-11 02:21:33.458","2025-08-11 03:18:20.141","56.78","Detachment","Dassault Systemes V5","R1132103523401","ConcurrentUser","1","STD","CAC-FPEFTXJTEMCEPRXTRE-Dassault Systemes V5-480001980D1A8253-110825022133-AITS25A1NB0140-Supakit.U"
"480001980D1A826E","CAC-FPEFTXJTEMCEPRXTRE","Supakit.U","AITS25A1NB0140","Grant","2025-08-11 03:18:33.008","2025-08-11 03:22:45.427","4.21","Detachment","Dassault Systemes V5","R1132103523401","ConcurrentUser","1","STD","CAC-FPEFTXJTEMCEPRXTRE-Dassault Systemes V5-480001980D1A826E-110825031833-AITS25A1NB0140-Supakit.U"
"480001980D1A8283","CAC-FPEFTXJTEMCEPRXTRE","Supakit.U","AITS25A1NB0140","Grant","2025-08-11 04:55:56.902","2025-08-11 05:20:10.527","24.23","TimeOut","Dassault Systemes V5","R1132103523401","ConcurrentUser","1","STD","CAC-FPEFTXJTEMCEPRXTRE-Dassault Systemes V5-480001980D1A8283-110825045556-AITS25A1NB0140-Supakit.U"
"480001980D1A82AC","CAC-FPEFTXJTEMCEPRXTRE","Supakit.U","AITS25A1NB0140","Grant","2025-08-11 06:06:11.666","2025-08-11 06:20:06.605","13.92","Detachment","Dassault Systemes V5","R1132103523401","ConcurrentUser","1","STD","CAC-FPEFTXJTEMCEPRXTRE-Dassault Systemes V5-480001980D1A82AC-110825060611-AITS25A1NB0140-Supakit.U"
"28000197D9971D25","CAC-FPEFTXJTEMCEPRXTRE","Supakit.U","AITS25A1NB0140","Grant","2025-08-11 06:45:05.296","2025-08-11 07:10:02.336","24.95","Detachment","Dassault Systemes V5","R1132103523401","ConcurrentUser","1","STD","CAC-FPEFTXJTEMCEPRXTRE-Dassault Systemes V5-28000197D9971D25-110825064505-AITS25A1NB0140-Supakit.U"
"28000197D9971D36","CAC-FPEFTXJTEMCEPRXTRE","Supakit.U","AITS25A1NB0140","Grant","2025-08-11 07:42:53.013","2025-08-11 07:59:14.866","16.36","Detachment","Dassault Systemes V5","R1132103523401","ConcurrentUser","1","STD","CAC-FPEFTXJTEMCEPRXTRE-Dassault Systemes V5-28000197D9971D36-110825074253-AITS25A1NB0140-Supakit.U"
"28000197D9971E22","CAC-FPEFTXJTEMCEPRXTRE","Supakit.U","AITS25A1NB0140","Grant","2025-08-13 01:17:25.373","2025-08-13 03:16:35.265","119.16","Detachment","Dassault Systemes V5","R1132103523401","ConcurrentUser","1","STD","CAC-FPEFTXJTEMCEPRXTRE-Dassault Systemes V5-28000197D9971E22-130825011725-AITS25A1NB0140-Supakit.U"
"480001980D1A8466","CAC-FPEFTXJTEMCEPRXTRE","Supakit.U","AITS25A1NB0140","Grant","2025-08-13 07:09:58.656","2025-08-13 07:10:54.439","0.93","Detachment","Dassault Systemes V5","R1132103523401","ConcurrentUser","1","STD","CAC-FPEFTXJTEMCEPRXTRE-Dassault Systemes V5-480001980D1A8466-130825070958-AITS25A1NB0140-Supakit.U"
"28000197D9971E76","CAC-FPEFTXJTEMCEPRXTRE","Supakit.U","AITS25A1NB0140","Grant","2025-08-13 07:10:58.908","2025-08-13 07:12:41.958","1.72","Detachment","Dassault Systemes V5","R1132103523401","ConcurrentUser","1","STD","CAC-FPEFTXJTEMCEPRXTRE-Dassault Systemes V5-28000197D9971E76-130825071058-AITS25A1NB0140-Supakit.U"
"480001980D1A8467","CAC-FPEFTXJTEMCEPRXTRE","Supakit.U","AITS25A1NB0140","Grant","2025-08-13 07:12:44.945","2025-08-13 07:23:24.388","10.66","Detachment","Dassault Systemes V5","R1132103523401","ConcurrentUser","1","STD","CAC-FPEFTXJTEMCEPRXTRE-Dassault Systemes V5-480001980D1A8467-130825071244-AITS25A1NB0140-Supakit.U"
"480001980D1A8472","CAC-FPEFTXJTEMCEPRXTRE","Supakit.U","AITS25A1NB0140","Grant","2025-08-13 08:16:36.238","2025-08-13 08:19:40.595","3.07","Detachment","Dassault Systemes V5","R1132103523401","ConcurrentUser","1","STD","CAC-FPEFTXJTEMCEPRXTRE-Dassault Systemes V5-480001980D1A8472-130825081636-AITS25A1NB0140-Supakit.U"
"480001980D1A8477","CAC-FPEFTXJTEMCEPRXTRE","Supakit.U","AITS25A1NB0140","Grant","2025-08-13 08:24:39.752","2025-08-13 08:25:24.603","0.75","Detachment","Dassault Systemes V5","R1132103523401","ConcurrentUser","1","STD","CAC-FPEFTXJTEMCEPRXTRE-Dassault Systemes V5-480001980D1A8477-130825082439-AITS25A1NB0140-Supakit.U"
"18000197D9971058","CAC-FPEFTXJTEMCEPRXTRE","Supakit.U","AITS25A1NB0140","Grant","2025-08-13 08:25:36.704","2025-08-13 08:51:11.152","25.57","Detachment","Dassault Systemes V5","R1132103523401","ConcurrentUser","1","STD","CAC-FPEFTXJTEMCEPRXTRE-Dassault Systemes V5-18000197D9971058-130825082536-AITS25A1NB0140-Supakit.U"
"480001980D1A84C7","CAC-FPEFTXJTEMCEPRXTRE","Supakit.U","AITS25A1NB0140","Grant","2025-08-14 01:09:15.086","2025-08-14 01:12:45.412","3.51","Detachment","Dassault Systemes V5","R1132103523401","ConcurrentUser","1","STD","CAC-FPEFTXJTEMCEPRXTRE-Dassault Systemes V5-480001980D1A84C7-140825010915-AITS25A1NB0140-Supakit.U"
"480001980D1A84CA","CAC-FPEFTXJTEMCEPRXTRE","Tossapon.C","AITS25A1NB0160","Grant","2025-08-14 01:23:05.096","2025-08-14 01:34:54.343","11.82","Detachment","Dassault Systemes V5","R1132103523401","ConcurrentUser","1","STD","CAC-FPEFTXJTEMCEPRXTRE-Dassault Systemes V5-480001980D1A84CA-140825012305-AITS25A1NB0160-Tossapon.C"
"28000197D9971EC5","CAC-FPEFTXJTEMCEPRXTRE","Tossapon.C","AITS25A1NB0160","Grant","2025-08-14 01:34:59.414","2025-08-14 01:40:12.200","5.21","Detachment","Dassault Systemes V5","R1132103523401","ConcurrentUser","1","STD","CAC-FPEFTXJTEMCEPRXTRE-Dassault Systemes V5-28000197D9971EC5-140825013459-AITS25A1NB0160-Tossapon.C"
"28000197D9971EC6","CAC-FPEFTXJTEMCEPRXTRE","Tossapon.C","AITS25A1NB0160","Grant","2025-08-14 01:42:12.128","2025-08-14 02:19:46.030","37.57","Detachment","Dassault Systemes V5","R1132103523401","ConcurrentUser","1","STD","CAC-FPEFTXJTEMCEPRXTRE-Dassault Systemes V5-28000197D9971EC6-140825014212-AITS25A1NB0160-Tossapon.C"
"28000197D9971EE6","CAC-FPEFTXJTEMCEPRXTRE","Supakit.U","AITS25A1NB0140","Grant","2025-08-14 04:06:11.917","2025-08-14 04:38:19.659","32.13","Detachment","Dassault Systemes V5","R1132103523401","ConcurrentUser","1","STD","CAC-FPEFTXJTEMCEPRXTRE-Dassault Systemes V5-28000197D9971EE6-140825040611-AITS25A1NB0140-Supakit.U"
"480001980D1A851B","CAC-FPEFTXJTEMCEPRXTRE","Supakit.U","AITS25A1NB0140","Grant","2025-08-14 06:39:51.346","2025-08-14 07:03:58.767","24.12","Detachment","Dassault Systemes V5","R1132103523401","ConcurrentUser","1","STD","CAC-FPEFTXJTEMCEPRXTRE-Dassault Systemes V5-480001980D1A851B-140825063951-AITS25A1NB0140-Supakit.U"
"480001980D1A8534","CAC-FPEFTXJTEMCEPRXTRE","Supakit.U","AITS25A1NB0140","Grant","2025-08-14 08:34:39.521","2025-08-14 08:38:18.408","3.65","Detachment","Dassault Systemes V5","R1132103523401","ConcurrentUser","1","STD","CAC-FPEFTXJTEMCEPRXTRE-Dassault Systemes V5-480001980D1A8534-140825083439-AITS25A1NB0140-Supakit.U"
"480001980D1A853B","CAC-FPEFTXJTEMCEPRXTRE","Supakit.U","AITS25A1NB0140","Grant","2025-08-14 09:03:38.337","2025-08-14 09:07:28.895","3.84","Detachment","Dassault Systemes V5","R1132103523401","ConcurrentUser","1","STD","CAC-FPEFTXJTEMCEPRXTRE-Dassault Systemes V5-480001980D1A853B-140825090338-AITS25A1NB0140-Supakit.U"
"18000197D9971265","CAC-FPEFTXJTEMCEPRXTRE","Supakit.U","AITS25A1NB0140","Grant","2025-08-18 09:42:07.773","2025-08-18 09:54:50.623","12.71","Detachment","Dassault Systemes V5","R1132103523401","ConcurrentUser","1","STD","CAC-FPEFTXJTEMCEPRXTRE-Dassault Systemes V5-18000197D9971265-180825094207-AITS25A1NB0140-Supakit.U"
"18000197D9971326","CAC-FPEFTXJTEMCEPRXTRE","Supakit.U","AITS25A1NB0140","Grant","2025-08-20 01:24:30.752","2025-08-20 01:42:37.854","18.12","Detachment","Dassault Systemes V5","R1132103523401","ConcurrentUser","1","STD","CAC-FPEFTXJTEMCEPRXTRE-Dassault Systemes V5-18000197D9971326-200825012430-AITS25A1NB0140-Supakit.U"
"28000197D9972180","CAC-FPEFTXJTEMCEPRXTRE","Supakit.U","AITS25A1NB0140","Grant","2025-08-20 02:26:11.568","2025-08-20 02:41:15.643","15.07","Detachment","Dassault Systemes V5","R1132103523401","ConcurrentUser","1","STD","CAC-FPEFTXJTEMCEPRXTRE-Dassault Systemes V5-28000197D9972180-200825022611-AITS25A1NB0140-Supakit.U"
"18000197D997136C","CAC-FPEFTXJTEMCEPRXTRE","Supakit.U","AITS25A1NB0140","Grant","2025-08-20 07:53:25.828","2025-08-20 08:29:09.007","35.72","Detachment","Dassault Systemes V5","R1132103523401","ConcurrentUser","1","STD","CAC-FPEFTXJTEMCEPRXTRE-Dassault Systemes V5-18000197D997136C-200825075325-AITS25A1NB0140-Supakit.U"
"18000197D997137E","CAC-FPEFTXJTEMCEPRXTRE","Supakit.U","AITS25A1NB0140","Grant","2025-08-20 08:31:26.342","2025-08-20 08:34:37.466","3.19","Detachment","Dassault Systemes V5","R1132103523401","ConcurrentUser","1","STD","CAC-FPEFTXJTEMCEPRXTRE-Dassault Systemes V5-18000197D997137E-200825083126-AITS25A1NB0140-Supakit.U"
"28000197D99721CE","CAC-FPEFTXJTEMCEPRXTRE","Supakit.U","AITS25A1NB0140","Grant","2025-08-20 08:34:53.129","2025-08-20 08:36:29.460","1.61","Detachment","Dassault Systemes V5","R1132103523401","ConcurrentUser","1","STD","CAC-FPEFTXJTEMCEPRXTRE-Dassault Systemes V5-28000197D99721CE-200825083453-AITS25A1NB0140-Supakit.U"
"18000197D997137F","CAC-FPEFTXJTEMCEPRXTRE","Supakit.U","AITS25A1NB0140","Grant","2025-08-20 08:36:32.615","2025-08-20 08:39:35.253","3.04","Detachment","Dassault Systemes V5","R1132103523401","ConcurrentUser","1","STD","CAC-FPEFTXJTEMCEPRXTRE-Dassault Systemes V5-18000197D997137F-200825083632-AITS25A1NB0140-Supakit.U"
"28000197D99721D5","CAC-FPEFTXJTEMCEPRXTRE","Supakit.U","AITS25A1NB0140","Grant","2025-08-20 08:53:48.221","2025-08-20 09:00:46.881","6.98","Detachment","Dassault Systemes V5","R1132103523401","ConcurrentUser","1","STD","CAC-FPEFTXJTEMCEPRXTRE-Dassault Systemes V5-28000197D99721D5-200825085348-AITS25A1NB0140-Supakit.U"
"480001980D1A88DE","CAC-FPEFTXJTEMCEPRXTRE","Supakit.U","AITS25A1NB0140","Grant","2025-08-20 08:39:38.695","2025-08-20 09:00:52.300","21.23","Detachment","Dassault Systemes V5","R1132103523401","ConcurrentUser","1","STD","CAC-FPEFTXJTEMCEPRXTRE-Dassault Systemes V5-480001980D1A88DE-200825083938-AITS25A1NB0140-Supakit.U"
"18000197D99713D4","CAC-FPEFTXJTEMCEPRXTRE","Tossapon.C","AITS25A1NB0160","Grant","2025-08-21 01:06:56.572","2025-08-21 01:16:30.883","9.57","Detachment","Dassault Systemes V5","R1132103523401","ConcurrentUser","1","STD","CAC-FPEFTXJTEMCEPRXTRE-Dassault Systemes V5-18000197D99713D4-210825010656-AITS25A1NB0160-Tossapon.C"
"480001980D1A894A","CAC-FPEFTXJTEMCEPRXTRE","Supakit.U","AITS25A1NB0140","Grant","2025-08-21 01:20:10.160","2025-08-21 03:54:52.415","154.7","Detachment","Dassault Systemes V5","R1132103523401","ConcurrentUser","1","STD","CAC-FPEFTXJTEMCEPRXTRE-Dassault Systemes V5-480001980D1A894A-210825012010-AITS25A1NB0140-Supakit.U"
"18000197D99713FA","CAC-FPEFTXJTEMCEPRXTRE","Supakit.U","AITS25A1NB0140","Grant","2025-08-21 04:04:12.459","2025-08-21 04:08:26.963","4.24","Detachment","Dassault Systemes V5","R1132103523401","ConcurrentUser","1","STD","CAC-FPEFTXJTEMCEPRXTRE-Dassault Systemes V5-18000197D99713FA-210825040412-AITS25A1NB0140-Supakit.U"
"18000197D99713FD","CAC-FPEFTXJTEMCEPRXTRE","Supakit.U","AITS25A1NB0140","Grant","2025-08-21 04:17:30.984","2025-08-21 04:18:05.284","0.57","Detachment","Dassault Systemes V5","R1132103523401","ConcurrentUser","1","STD","CAC-FPEFTXJTEMCEPRXTRE-Dassault Systemes V5-18000197D99713FD-210825041730-AITS25A1NB0140-Supakit.U"
"18000197D9971400","CAC-FPEFTXJTEMCEPRXTRE","Supakit.U","AITS25A1NB0140","Grant","2025-08-21 04:25:51.002","2025-08-21 04:26:20.858","0.5","Detachment","Dassault Systemes V5","R1132103523401","ConcurrentUser","1","STD","CAC-FPEFTXJTEMCEPRXTRE-Dassault Systemes V5-18000197D9971400-210825042551-AITS25A1NB0140-Supakit.U"
"28000197D9972256","CAC-FPEFTXJTEMCEPRXTRE","Supakit.U","AITS25A1NB0140","Grant","2025-08-21 04:26:23.461","2025-08-21 04:30:27.284","4.06","Detachment","Dassault Systemes V5","R1132103523401","ConcurrentUser","1","STD","CAC-FPEFTXJTEMCEPRXTRE-Dassault Systemes V5-28000197D9972256-210825042623-AITS25A1NB0140-Supakit.U"
"18000197D9971404","CAC-FPEFTXJTEMCEPRXTRE","Supakit.U","AITS25A1NB0140","Grant","2025-08-21 04:43:06.964","2025-08-21 05:00:45.964","17.65","TimeOut","Dassault Systemes V5","R1132103523401","ConcurrentUser","1","STD","CAC-FPEFTXJTEMCEPRXTRE-Dassault Systemes V5-18000197D9971404-210825044306-AITS25A1NB0140-Supakit.U"
"480001980D1A89AF","CAC-FPEFTXJTEMCEPRXTRE","Supakit.U","AITS25A1NB0140","Grant","2025-08-21 06:19:51.948","2025-08-21 06:41:39.396","21.79","Detachment","Dassault Systemes V5","R1132103523401","ConcurrentUser","1","STD","CAC-FPEFTXJTEMCEPRXTRE-Dassault Systemes V5-480001980D1A89AF-210825061951-AITS25A1NB0140-Supakit.U"
"18000197D9971442","CAC-FPEFTXJTEMCEPRXTRE","Supakit.U","AITS25A1NB0140","Grant","2025-08-21 08:51:06.366","2025-08-21 09:42:38.980","51.54","Detachment","Dassault Systemes V5","R1132103523401","ConcurrentUser","1","STD","CAC-FPEFTXJTEMCEPRXTRE-Dassault Systemes V5-18000197D9971442-210825085106-AITS25A1NB0140-Supakit.U"
"28000197D99722FE","CAC-FPEFTXJTEMCEPRXTRE","Supakit.U","AITS25A1NB0140","Grant","2025-08-22 01:24:22.362","2025-08-22 01:50:06.870","25.74","Detachment","Dassault Systemes V5","R1132103523401","ConcurrentUser","1","STD","CAC-FPEFTXJTEMCEPRXTRE-Dassault Systemes V5-28000197D99722FE-220825012422-AITS25A1NB0140-Supakit.U"
"480001980D1A8D8C","CAC-FPEFTXJTEMCEPRXTRE","Supakit.U","AITS25A1NB0140","Grant","2025-08-25 09:46:09.912","2025-08-25 10:16:36.715","30.45","Detachment","Dassault Systemes V5","R1132103523401","ConcurrentUser","1","STD","CAC-FPEFTXJTEMCEPRXTRE-Dassault Systemes V5-480001980D1A8D8C-250825094609-AITS25A1NB0140-Supakit.U"
"18000197D99717B2","CAC-FPEFTXJTEMCEPRXTRE","Supakit.U","AITS25A1NB0140","Grant","2025-08-26 09:58:49.839","2025-08-26 10:01:14.632","2.41","Detachment","Dassault Systemes V5","R1132103523401","ConcurrentUser","1","STD","CAC-FPEFTXJTEMCEPRXTRE-Dassault Systemes V5-18000197D99717B2-260825095849-AITS25A1NB0140-Supakit.U"
"18000197D99717F5","CAC-FPEFTXJTEMCEPRXTRE","Supakit.U","AITS25A1NB0140","Grant","2025-08-27 01:39:42.211","2025-08-27 02:19:32.905","39.84","Detachment","Dassault Systemes V5","R1132103523401","ConcurrentUser","1","STD","CAC-FPEFTXJTEMCEPRXTRE-Dassault Systemes V5-18000197D99717F5-270825013942-AITS25A1NB0140-Supakit.U"
"18000197D9971815","CAC-FPEFTXJTEMCEPRXTRE","Supakit.U","AITS25A1NB0140","Grant","2025-08-27 03:21:42.808","2025-08-27 03:44:58.154","23.26","Detachment","Dassault Systemes V5","R1132103523401","ConcurrentUser","1","STD","CAC-FPEFTXJTEMCEPRXTRE-Dassault Systemes V5-18000197D9971815-270825032142-AITS25A1NB0140-Supakit.U"
"18000197D9971871","CAC-FPEFTXJTEMCEPRXTRE","Supakit.U","AITS25A1NB0140","Grant","2025-08-27 08:55:30.187","2025-08-27 10:33:58.339","98.47","Detachment","Dassault Systemes V5","R1132103523401","ConcurrentUser","1","STD","CAC-FPEFTXJTEMCEPRXTRE-Dassault Systemes V5-18000197D9971871-270825085530-AITS25A1NB0140-Supakit.U"
"480001980D1A8F9A","CAC-FPEFTXJTEMCEPRXTRE","Supakit.U","AITS25A1NB0140","Grant","2025-08-28 01:13:57.287","2025-08-28 05:08:06.980","234.16","TimeOut","Dassault Systemes V5","R1132103523401","ConcurrentUser","1","STD","CAC-FPEFTXJTEMCEPRXTRE-Dassault Systemes V5-480001980D1A8F9A-280825011357-AITS25A1NB0140-Supakit.U"
"480001980D1A9010","CAC-FPEFTXJTEMCEPRXTRE","Supakit.U","AITS25A1NB0140","Grant","2025-08-28 06:01:27.621","2025-08-28 06:10:30.424","9.05","Detachment","Dassault Systemes V5","R1132103523401","ConcurrentUser","1","STD","CAC-FPEFTXJTEMCEPRXTRE-Dassault Systemes V5-480001980D1A9010-280825060127-AITS25A1NB0140-Supakit.U"
"480001980D1A9015","CAC-FPEFTXJTEMCEPRXTRE","Supakit.U","AITS25A1NB0140","Grant","2025-08-28 06:20:33.893","2025-08-28 09:49:54.226","209.34","Detachment","Dassault Systemes V5","R1132103523401","ConcurrentUser","1","STD","CAC-FPEFTXJTEMCEPRXTRE-Dassault Systemes V5-480001980D1A9015-280825062033-AITS25A1NB0140-Supakit.U"
"18000197D9971934","CAC-FPEFTXJTEMCEPRXTRE","Supakit.U","AITS25A1NB0140","Grant","2025-08-28 10:02:32.091","2025-08-28 10:11:12.481","8.67","Detachment","Dassault Systemes V5","R1132103523401","ConcurrentUser","1","STD","CAC-FPEFTXJTEMCEPRXTRE-Dassault Systemes V5-18000197D9971934-280825100232-AITS25A1NB0140-Supakit.U"
"18000197D9971979","CAC-FPEFTXJTEMCEPRXTRE","Supakit.U","AITS25A1NB0140","Grant","2025-08-29 01:08:37.158","2025-08-29 02:35:39.107","87.03","Detachment","Dassault Systemes V5","R1132103523401","ConcurrentUser","1","STD","CAC-FPEFTXJTEMCEPRXTRE-Dassault Systemes V5-18000197D9971979-290825010837-AITS25A1NB0140-Supakit.U"
"480001980D1A9101","CAC-FPEFTXJTEMCEPRXTRE","Supakit.U","AITS25A1NB0140","Grant","2025-08-29 04:32:02.446","2025-08-29 05:06:20.745","34.3","TimeOut","Dassault Systemes V5","R1132103523401","ConcurrentUser","1","STD","CAC-FPEFTXJTEMCEPRXTRE-Dassault Systemes V5-480001980D1A9101-290825043202-AITS25A1NB0140-Supakit.U"
"480001980D1A9110","CAC-FPEFTXJTEMCEPRXTRE","Supakit.U","AITS25A1NB0140","Grant","2025-08-29 06:02:54.461","2025-08-29 06:27:40.883","24.77","Detachment","Dassault Systemes V5","R1132103523401","ConcurrentUser","1","STD","CAC-FPEFTXJTEMCEPRXTRE-Dassault Systemes V5-480001980D1A9110-290825060254-AITS25A1NB0140-Supakit.U"
"28000197D99728F2","CAC-FPEFTXJTEMCEPRXTRE","Supakit.U","AITS25A1NB0140","Grant","2025-09-01 06:43:23.399","2025-09-01 06:44:09.147","0.76","Detachment","Dassault Systemes V5","R1132103523401","ConcurrentUser","1","STD","CAC-FPEFTXJTEMCEPRXTRE-Dassault Systemes V5-28000197D99728F2-010925064323-AITS25A1NB0140-Supakit.U"
"480001980D1A93BE","CAC-FPEFTXJTEMCEPRXTRE","Supakit.U","AITS25A1NB0140","Grant","2025-09-02 02:12:26.308","2025-09-02 02:14:05.742","1.66","Detachment","Dassault Systemes V5","R1132103523401","ConcurrentUser","1","STD","CAC-FPEFTXJTEMCEPRXTRE-Dassault Systemes V5-480001980D1A93BE-020925021226-AITS25A1NB0140-Supakit.U"
"480001980D1A942C","CAC-FPEFTXJTEMCEPRXTRE","Tossapon.C","AITS25A1NB0160","Grant","2025-09-02 08:29:33.052","2025-09-02 08:35:23.724","5.84","Detachment","Dassault Systemes V5","R1132103523401","ConcurrentUser","1","STD","CAC-FPEFTXJTEMCEPRXTRE-Dassault Systemes V5-480001980D1A942C-020925082933-AITS25A1NB0160-Tossapon.C"
"18000197D9971BD9","CAC-FPEFTXJTEMCEPRXTRE","Tossapon.C","AITS25A1NB0160","Grant","2025-09-02 08:35:25.776","2025-09-02 08:40:30.336","5.08","Detachment","Dassault Systemes V5","R1132103523401","ConcurrentUser","1","STD","CAC-FPEFTXJTEMCEPRXTRE-Dassault Systemes V5-18000197D9971BD9-020925083525-AITS25A1NB0160-Tossapon.C"
"480001980D1A9431","CAC-FPEFTXJTEMCEPRXTRE","Tossapon.C","AITS25A1NB0160","Grant","2025-09-02 08:40:32.363","2025-09-02 08:42:46.523","2.24","Detachment","Dassault Systemes V5","R1132103523401","ConcurrentUser","1","STD","CAC-FPEFTXJTEMCEPRXTRE-Dassault Systemes V5-480001980D1A9431-020925084032-AITS25A1NB0160-Tossapon.C"
"28000197D99729B1","CAC-FPEFTXJTEMCEPRXTRE","Supakit.U","AITS25A1NB0140","Grant","2025-09-02 08:47:29.339","2025-09-02 08:47:49.409","0.33","Detachment","Dassault Systemes V5","R1132103523401","ConcurrentUser","1","STD","CAC-FPEFTXJTEMCEPRXTRE-Dassault Systemes V5-28000197D99729B1-020925084729-AITS25A1NB0140-Supakit.U"
"18000197D9971BDD","CAC-FPEFTXJTEMCEPRXTRE","Supakit.U","AITS25A1NB0140","Grant","2025-09-02 08:47:54.459","2025-09-02 09:20:40.188","32.76","Detachment","Dassault Systemes V5","R1132103523401","ConcurrentUser","1","STD","CAC-FPEFTXJTEMCEPRXTRE-Dassault Systemes V5-18000197D9971BDD-020925084754-AITS25A1NB0140-Supakit.U"
"28000197D99729BA","CAC-FPEFTXJTEMCEPRXTRE","Supakit.U","AITS25A1NB0140","Grant","2025-09-02 09:20:52.054","2025-09-02 09:49:03.045","28.18","Detachment","Dassault Systemes V5","R1132103523401","ConcurrentUser","1","STD","CAC-FPEFTXJTEMCEPRXTRE-Dassault Systemes V5-28000197D99729BA-020925092052-AITS25A1NB0140-Supakit.U"
"28000197D99729C3","CAC-FPEFTXJTEMCEPRXTRE","Tossapon.C","AITS25A1NB0160","Grant","2025-09-02 10:26:47.439","2025-09-02 10:27:55.429","1.13","Detachment","Dassault Systemes V5","R1132103523401","ConcurrentUser","1","STD","CAC-FPEFTXJTEMCEPRXTRE-Dassault Systemes V5-28000197D99729C3-020925102647-AITS25A1NB0160-Tossapon.C"
"18000197D9971BF1","CAC-FPEFTXJTEMCEPRXTRE","Tossapon.C","AITS25A1NB0160","Grant","2025-09-02 10:29:00.345","2025-09-02 10:34:18.632","5.3","Detachment","Dassault Systemes V5","R1132103523401","ConcurrentUser","1","STD","CAC-FPEFTXJTEMCEPRXTRE-Dassault Systemes V5-18000197D9971BF1-020925102900-AITS25A1NB0160-Tossapon.C"
"480001980D1A9482","CAC-FPEFTXJTEMCEPRXTRE","Supakit.U","AITS25A1NB0140","Grant","2025-09-03 01:16:07.130","2025-09-03 05:10:16.390","234.15","TimeOut","Dassault Systemes V5","R1132103523401","ConcurrentUser","1","STD","CAC-FPEFTXJTEMCEPRXTRE-Dassault Systemes V5-480001980D1A9482-030925011607-AITS25A1NB0140-Supakit.U"
"480001980D1A94E6","CAC-FPEFTXJTEMCEPRXTRE","Supakit.U","AITS25A1NB0140","Grant","2025-09-03 06:02:23.016","2025-09-03 06:38:34.885","36.2","Detachment","Dassault Systemes V5","R1132103523401","ConcurrentUser","1","STD","CAC-FPEFTXJTEMCEPRXTRE-Dassault Systemes V5-480001980D1A94E6-030925060223-AITS25A1NB0140-Supakit.U"
"18000197D9971CDF","CAC-FPEFTXJTEMCEPRXTRE","Supakit.U","AITS25A1NB0140","Grant","2025-09-04 01:18:31.386","2025-09-04 05:12:42.866","234.19","TimeOut","Dassault Systemes V5","R1132103523401","ConcurrentUser","1","STD","CAC-FPEFTXJTEMCEPRXTRE-Dassault Systemes V5-18000197D9971CDF-040925011831-AITS25A1NB0140-Supakit.U"
"18000197D9971D1A","CAC-FPEFTXJTEMCEPRXTRE","Supakit.U","AITS25A1NB0140","Grant","2025-09-04 06:00:59.680","2025-09-04 06:48:40.458","47.68","Detachment","Dassault Systemes V5","R1132103523401","ConcurrentUser","1","STD","CAC-FPEFTXJTEMCEPRXTRE-Dassault Systemes V5-18000197D9971D1A-040925060059-AITS25A1NB0140-Supakit.U"
"480001980D1A95C5","CAC-FPEFTXJTEMCEPRXTRE","Supakit.U","AITS25A1NB0140","Grant","2025-09-04 06:02:38.565","2025-09-04 10:37:17.790","274.65","Detachment","Dassault Systemes V5","R1132103523401","ConcurrentUser","1","STD","CAC-FPEFTXJTEMCEPRXTRE-Dassault Systemes V5-480001980D1A95C5-040925060238-AITS25A1NB0140-Supakit.U"
"18000197D9971D6E","CAC-FPEFTXJTEMCEPRXTRE","Supakit.U","AITS25A1NB0140","Grant","2025-09-05 01:05:47.610","2025-09-05 09:51:42.572","525.92","Detachment","Dassault Systemes V5","R1132103523401","ConcurrentUser","1","STD","CAC-FPEFTXJTEMCEPRXTRE-Dassault Systemes V5-18000197D9971D6E-050925010547-AITS25A1NB0140-Supakit.U"
"18000197D9971EE8","CAC-FPEFTXJTEMCEPRXTRE","Supakit.U","AITS25A1NB0140","Grant","2025-09-08 01:39:19.646","2025-09-08 04:46:40.266","187.34","Detachment","Dassault Systemes V5","R1132103523401","ConcurrentUser","1","STD","CAC-FPEFTXJTEMCEPRXTRE-Dassault Systemes V5-18000197D9971EE8-080925013919-AITS25A1NB0140-Supakit.U"
"480001980D1A987A","CAC-FPEFTXJTEMCEPRXTRE","Supakit.U","AITS25A1NB0140","Grant","2025-09-08 04:46:44.148","2025-09-08 04:47:37.697","0.89","Detachment","Dassault Systemes V5","R1132103523401","ConcurrentUser","1","STD","CAC-FPEFTXJTEMCEPRXTRE-Dassault Systemes V5-480001980D1A987A-080925044644-AITS25A1NB0140-Supakit.U"
"18000197D9971F1A","CAC-FPEFTXJTEMCEPRXTRE","Supakit.U","AITS25A1NB0140","Grant","2025-09-08 04:47:42.569","2025-09-08 05:22:00.946","34.31","TimeOut","Dassault Systemes V5","R1132103523401","ConcurrentUser","1","STD","CAC-FPEFTXJTEMCEPRXTRE-Dassault Systemes V5-18000197D9971F1A-080925044742-AITS25A1NB0140-Supakit.U"
"18000197D9971F25","CAC-FPEFTXJTEMCEPRXTRE","Supakit.U","AITS25A1NB0140","Grant","2025-09-08 06:02:02.151","2025-09-08 06:02:16.294","0.24","Detachment","Dassault Systemes V5","R1132103523401","ConcurrentUser","1","STD","CAC-FPEFTXJTEMCEPRXTRE-Dassault Systemes V5-18000197D9971F25-080925060202-AITS25A1NB0140-Supakit.U"
"28000197D9972C93","CAC-FPEFTXJTEMCEPRXTRE","Supakit.U","AITS25A1NB0140","Grant","2025-09-08 06:02:28.399","2025-09-08 06:56:18.337","53.83","Detachment","Dassault Systemes V5","R1132103523401","ConcurrentUser","1","STD","CAC-FPEFTXJTEMCEPRXTRE-Dassault Systemes V5-28000197D9972C93-080925060228-AITS25A1NB0140-Supakit.U"
"18000197D9971F2C","CAC-FPEFTXJTEMCEPRXTRE","Supakit.U","AITS25A1NB0140","Grant","2025-09-08 07:04:30.297","2025-09-08 10:00:20.493","175.84","Detachment","Dassault Systemes V5","R1132103523401","ConcurrentUser","1","STD","CAC-FPEFTXJTEMCEPRXTRE-Dassault Systemes V5-18000197D9971F2C-080925070430-AITS25A1NB0140-Supakit.U"
"28000197D9972D1A","CAC-FPEFTXJTEMCEPRXTRE","Supakit.U","AITS25A1NB0140","Grant","2025-09-09 02:43:58.789","2025-09-09 03:35:46.330","51.79","Detachment","Dassault Systemes V5","R1132103523401","ConcurrentUser","1","STD","CAC-FPEFTXJTEMCEPRXTRE-Dassault Systemes V5-28000197D9972D1A-090925024358-AITS25A1NB0140-Supakit.U"
"18000197D9971F7F","CAC-FPEFTXJTEMCEPRXTRE","Supakit.U","AITS25A1NB0140","Grant","2025-09-09 01:16:36.913","2025-09-09 05:10:47.401","234.17","TimeOut","Dassault Systemes V5","R1132103523401","ConcurrentUser","1","STD","CAC-FPEFTXJTEMCEPRXTRE-Dassault Systemes V5-18000197D9971F7F-090925011636-AITS25A1NB0140-Supakit.U"
"18000197D9971FAF","CAC-FPEFTXJTEMCEPRXTRE","Supakit.U","AITS25A1NB0140","Grant","2025-09-09 06:00:34.396","2025-09-09 10:02:53.963","242.33","Detachment","Dassault Systemes V5","R1132103523401","ConcurrentUser","1","STD","CAC-FPEFTXJTEMCEPRXTRE-Dassault Systemes V5-18000197D9971FAF-090925060034-AITS25A1NB0140-Supakit.U"
"18000197D997204C","CAC-FPEFTXJTEMCEPRXTRE","Supakit.U","AITS25A1NB0140","Grant","2025-09-10 06:38:43.146","2025-09-10 10:03:06.580","204.39","Detachment","Dassault Systemes V5","R1132103523401","ConcurrentUser","1","STD","CAC-FPEFTXJTEMCEPRXTRE-Dassault Systemes V5-18000197D997204C-100925063843-AITS25A1NB0140-Supakit.U"
"18000197D99720F2","CAC-FPEFTXJTEMCEPRXTRE","Supakit.U","AITS25A1NB0140","Grant","2025-09-11 02:12:19.519","2025-09-11 02:15:20.274","3.01","Detachment","Dassault Systemes V5","R1132103523401","ConcurrentUser","1","STD","CAC-FPEFTXJTEMCEPRXTRE-Dassault Systemes V5-18000197D99720F2-110925021219-AITS25A1NB0140-Supakit.U"
"480001980D1A9AFC","CAC-FPEFTXJTEMCEPRXTRE","Supakit.U","AITS25A1NB0140","Grant","2025-09-11 03:14:51.427","2025-09-11 03:31:51.420","17","Detachment","Dassault Systemes V5","R1132103523401","ConcurrentUser","1","STD","CAC-FPEFTXJTEMCEPRXTRE-Dassault Systemes V5-480001980D1A9AFC-110925031451-AITS25A1NB0140-Supakit.U"
"480001980D1A9ACE","CAC-FPEFTXJTEMCEPRXTRE","Supakit.U","AITS25A1NB0140","Grant","2025-09-11 01:07:09.816","2025-09-11 05:18:01.819","250.87","TimeOut","Dassault Systemes V5","R1132103523401","ConcurrentUser","1","STD","CAC-FPEFTXJTEMCEPRXTRE-Dassault Systemes V5-480001980D1A9ACE-110925010709-AITS25A1NB0140-Supakit.U"
"480001980D1A9B21","CAC-FPEFTXJTEMCEPRXTRE","Supakit.U","AITS25A1NB0140","Grant","2025-09-11 06:00:56.854","2025-09-11 07:18:18.031","77.35","Detachment","Dassault Systemes V5","R1132103523401","ConcurrentUser","1","STD","CAC-FPEFTXJTEMCEPRXTRE-Dassault Systemes V5-480001980D1A9B21-110925060056-AITS25A1NB0140-Supakit.U"
"28000197D9972EB8","CAC-FPEFTXJTEMCEPRXTRE","Supakit.U","AITS25A1NB0140","Grant","2025-09-11 07:22:05.671","2025-09-11 10:05:36.168","163.51","Detachment","Dassault Systemes V5","R1132103523401","ConcurrentUser","1","STD","CAC-FPEFTXJTEMCEPRXTRE-Dassault Systemes V5-28000197D9972EB8-110925072205-AITS25A1NB0140-Supakit.U"
"28000197D9972F02","CAC-FPEFTXJTEMCEPRXTRE","Tossapon.C","AITS25A1NB0160","Grant","2025-09-12 01:19:43.966","2025-09-12 02:19:28.350","59.74","Detachment","Dassault Systemes V5","R1132103523401","ConcurrentUser","1","STD","CAC-FPEFTXJTEMCEPRXTRE-Dassault Systemes V5-28000197D9972F02-120925011943-AITS25A1NB0160-Tossapon.C"
"480001980D1A9BF0","CAC-FPEFTXJTEMCEPRXTRE","Tossapon.C","AITS25A1NB0160","Grant","2025-09-12 02:19:34.172","2025-09-12 02:21:18.336","1.74","Detachment","Dassault Systemes V5","R1132103523401","ConcurrentUser","1","STD","CAC-FPEFTXJTEMCEPRXTRE-Dassault Systemes V5-480001980D1A9BF0-120925021934-AITS25A1NB0160-Tossapon.C"
"28000197D9972F17","CAC-FPEFTXJTEMCEPRXTRE","Tossapon.C","AITS25A1NB0160","Grant","2025-09-12 03:05:35.133","2025-09-12 03:19:49.686","14.24","Detachment","Dassault Systemes V5","R1132103523401","ConcurrentUser","1","STD","CAC-FPEFTXJTEMCEPRXTRE-Dassault Systemes V5-28000197D9972F17-120925030535-AITS25A1NB0160-Tossapon.C"
"280001994250D0C1","CAC-FPEFTXJTEMCEPRXTRE","Supakit.U","AITS25A1NB0140","Grant","2025-09-15 01:08:30.680","2025-09-15 05:35:59.958","267.49","TimeOut","Dassault Systemes V5","R1132103523401","ConcurrentUser","1","STD","CAC-FPEFTXJTEMCEPRXTRE-Dassault Systemes V5-280001994250D0C1-150925010830-AITS25A1NB0140-Supakit.U"
"4800019942510B19","CAC-FPEFTXJTEMCEPRXTRE","Supakit.U","AITS25A1NB0140","Grant","2025-09-15 07:32:09.980","2025-09-15 07:34:19.228","2.15","Detachment","Dassault Systemes V5","R1132103523401","ConcurrentUser","1","STD","CAC-FPEFTXJTEMCEPRXTRE-Dassault Systemes V5-4800019942510B19-150925073209-AITS25A1NB0140-Supakit.U"
"280001994250D0E2","CAC-FPEFTXJTEMCEPRXTRE","Supakit.U","AITS25A1NB0140","Grant","2025-09-15 05:59:59.737","2025-09-15 10:01:16.462","241.28","Detachment","Dassault Systemes V5","R1132103523401","ConcurrentUser","1","STD","CAC-FPEFTXJTEMCEPRXTRE-Dassault Systemes V5-280001994250D0E2-150925055959-AITS25A1NB0140-Supakit.U"
"4800019942510B6C","CAC-FPEFTXJTEMCEPRXTRE","Supakit.U","AITS25A1NB0140","Grant","2025-09-16 01:23:15.647","2025-09-16 09:59:18.819","516.05","Detachment","Dassault Systemes V5","R1132103523401","ConcurrentUser","1","STD","CAC-FPEFTXJTEMCEPRXTRE-Dassault Systemes V5-4800019942510B6C-160925012315-AITS25A1NB0140-Supakit.U"
"280001994250D1DA","CAC-FPEFTXJTEMCEPRXTRE","Supakit.U","AITS25A1NB0140","Grant","2025-09-17 01:09:23.380","2025-09-17 05:20:11.840","250.81","TimeOut","Dassault Systemes V5","R1132103523401","ConcurrentUser","1","STD","CAC-FPEFTXJTEMCEPRXTRE-Dassault Systemes V5-280001994250D1DA-170925010923-AITS25A1NB0140-Supakit.U"
"280001994250D202","CAC-FPEFTXJTEMCEPRXTRE","Supakit.U","AITS25A1NB0140","Grant","2025-09-17 06:00:33.992","2025-09-17 06:01:49.291","1.25","Detachment","Dassault Systemes V5","R1132103523401","ConcurrentUser","1","STD","CAC-FPEFTXJTEMCEPRXTRE-Dassault Systemes V5-280001994250D202-170925060033-AITS25A1NB0140-Supakit.U"
"180001994250C905","CAC-FPEFTXJTEMCEPRXTRE","Supakit.U","AITS25A1NB0140","Grant","2025-09-17 06:00:19.876","2025-09-17 09:51:11.243","230.86","Detachment","Dassault Systemes V5","R1132103523401","ConcurrentUser","1","STD","CAC-FPEFTXJTEMCEPRXTRE-Dassault Systemes V5-180001994250C905-170925060019-AITS25A1NB0140-Supakit.U"
"4800019942510D21","CAC-FPEFTXJTEMCEPRXTRE","Supakit.U","AITS25A1NB0140","Grant","2025-09-18 04:12:57.003","2025-09-18 04:35:34.833","22.63","Detachment","Dassault Systemes V5","R1132103523401","ConcurrentUser","1","STD","CAC-FPEFTXJTEMCEPRXTRE-Dassault Systemes V5-4800019942510D21-180925041257-AITS25A1NB0140-Supakit.U"
"280001994250D291","CAC-FPEFTXJTEMCEPRXTRE","Supakit.U","AITS25A1NB0140","Grant","2025-09-18 01:08:04.501","2025-09-18 05:18:52.922","250.81","TimeOut","Dassault Systemes V5","R1132103523401","ConcurrentUser","1","STD","CAC-FPEFTXJTEMCEPRXTRE-Dassault Systemes V5-280001994250D291-180925010804-AITS25A1NB0140-Supakit.U"
"280001994250D2C9","CAC-FPEFTXJTEMCEPRXTRE","Supakit.U","AITS25A1NB0140","Grant","2025-09-18 06:01:56.707","2025-09-18 10:07:40.940","245.74","Detachment","Dassault Systemes V5","R1132103523401","ConcurrentUser","1","STD","CAC-FPEFTXJTEMCEPRXTRE-Dassault Systemes V5-280001994250D2C9-180925060156-AITS25A1NB0140-Supakit.U"
"280001994250D34F","CAC-FPEFTXJTEMCEPRXTRE","Supakit.U","AITS25A1NB0140","Grant","2025-09-19 01:10:35.048","2025-09-19 01:23:41.750","13.11","Detachment","Dassault Systemes V5","R1132103523401","ConcurrentUser","1","STD","CAC-FPEFTXJTEMCEPRXTRE-Dassault Systemes V5-280001994250D34F-190925011035-AITS25A1NB0140-Supakit.U"
"280001994250D370","CAC-FPEFTXJTEMCEPRXTRE","Supakit.U","AITS25A1NB0140","Grant","2025-09-19 02:44:41.348","2025-09-19 04:02:03.787","77.37","Detachment","Dassault Systemes V5","R1132103523401","ConcurrentUser","1","STD","CAC-FPEFTXJTEMCEPRXTRE-Dassault Systemes V5-280001994250D370-190925024441-AITS25A1NB0140-Supakit.U"
"180001994250C9E8","CAC-FPEFTXJTEMCEPRXTRE","Supakit.U","AITS25A1NB0140","Grant","2025-09-19 01:24:00.949","2025-09-19 04:51:11.762","207.18","Detachment","Dassault Systemes V5","R1132103523401","ConcurrentUser","1","STD","CAC-FPEFTXJTEMCEPRXTRE-Dassault Systemes V5-180001994250C9E8-190925012400-AITS25A1NB0140-Supakit.U"
"4800019942510DF0","CAC-FPEFTXJTEMCEPRXTRE","Supakit.U","AITS25A1NB0140","Grant","2025-09-19 04:51:20.423","2025-09-19 05:08:59.424","17.65","TimeOut","Dassault Systemes V5","R1132103523401","ConcurrentUser","1","STD","CAC-FPEFTXJTEMCEPRXTRE-Dassault Systemes V5-4800019942510DF0-190925045120-AITS25A1NB0140-Supakit.U"
"4800019942510E00","CAC-FPEFTXJTEMCEPRXTRE","Supakit.U","AITS25A1NB0140","Grant","2025-09-19 06:00:07.017","2025-09-19 06:27:36.717","27.5","Detachment","Dassault Systemes V5","R1132103523401","ConcurrentUser","1","STD","CAC-FPEFTXJTEMCEPRXTRE-Dassault Systemes V5-4800019942510E00-190925060007-AITS25A1NB0140-Supakit.U"
"4800019942510E0B","CAC-FPEFTXJTEMCEPRXTRE","Supakit.U","AITS25A1NB0140","Grant","2025-09-19 06:44:14.166","2025-09-19 06:44:33.151","0.32","Detachment","Dassault Systemes V5","R1132103523401","ConcurrentUser","1","STD","CAC-FPEFTXJTEMCEPRXTRE-Dassault Systemes V5-4800019942510E0B-190925064414-AITS25A1NB0140-Supakit.U"
"180001994250CA44","CAC-FPEFTXJTEMCEPRXTRE","Supakit.U","AITS25A1NB0140","Grant","2025-09-19 06:44:36.941","2025-09-19 06:45:05.368","0.47","Detachment","Dassault Systemes V5","R1132103523401","ConcurrentUser","1","STD","CAC-FPEFTXJTEMCEPRXTRE-Dassault Systemes V5-180001994250CA44-190925064436-AITS25A1NB0140-Supakit.U"
"4800019942510E0C","CAC-FPEFTXJTEMCEPRXTRE","Supakit.U","AITS25A1NB0140","Grant","2025-09-19 06:45:14.815","2025-09-19 08:22:06.866","96.87","Detachment","Dassault Systemes V5","R1132103523401","ConcurrentUser","1","STD","CAC-FPEFTXJTEMCEPRXTRE-Dassault Systemes V5-4800019942510E0C-190925064514-AITS25A1NB0140-Supakit.U"
"4800019942510E1F","CAC-FPEFTXJTEMCEPRXTRE","Supakit.U","AITS25A1NB0140","Grant","2025-09-19 08:22:10.223","2025-09-19 09:14:06.934","51.95","Detachment","Dassault Systemes V5","R1132103523401","ConcurrentUser","1","STD","CAC-FPEFTXJTEMCEPRXTRE-Dassault Systemes V5-4800019942510E1F-190925082210-AITS25A1NB0140-Supakit.U"
"4800019942510E29","CAC-FPEFTXJTEMCEPRXTRE","Supakit.U","AITS25A1NB0140","Grant","2025-09-19 09:25:17.108","2025-09-19 10:03:24.331","38.12","Detachment","Dassault Systemes V5","R1132103523401","ConcurrentUser","1","STD","CAC-FPEFTXJTEMCEPRXTRE-Dassault Systemes V5-4800019942510E29-190925092517-AITS25A1NB0140-Supakit.U"
"180001994250CB15","CAC-FPEFTXJTEMCEPRXTRE","Supakit.U","AITS25A1NB0140","Grant","2025-09-22 01:09:43.278","2025-09-22 05:19:37.407","249.9","TimeOut","Dassault Systemes V5","R1132103523401","ConcurrentUser","1","STD","CAC-FPEFTXJTEMCEPRXTRE-Dassault Systemes V5-180001994250CB15-220925010943-AITS25A1NB0140-Supakit.U"
"180001994250CB65","CAC-FPEFTXJTEMCEPRXTRE","Supakit.U","AITS25A1NB0140","Grant","2025-09-22 06:01:29.655","2025-09-22 10:01:34.028","240.07","Detachment","Dassault Systemes V5","R1132103523401","ConcurrentUser","1","STD","CAC-FPEFTXJTEMCEPRXTRE-Dassault Systemes V5-180001994250CB65-220925060129-AITS25A1NB0140-Supakit.U"
"280001994250D634","CAC-FPEFTXJTEMCEPRXTRE","Supakit.U","AITS25A1NB0140","Grant","2025-09-23 04:46:34.653","2025-09-23 06:14:23.083","87.81","Detachment","Dassault Systemes V5","R1132103523401","ConcurrentUser","1","STD","CAC-FPEFTXJTEMCEPRXTRE-Dassault Systemes V5-280001994250D634-230925044634-AITS25A1NB0140-Supakit.U"
"180001994250CBD4","CAC-FPEFTXJTEMCEPRXTRE","Supakit.U","AITS25A1NB0140","Grant","2025-09-23 01:18:26.824","2025-09-23 10:00:46.983","522.34","Detachment","Dassault Systemes V5","R1132103523401","ConcurrentUser","1","STD","CAC-FPEFTXJTEMCEPRXTRE-Dassault Systemes V5-180001994250CBD4-230925011826-AITS25A1NB0140-Supakit.U"
"280001994250D768","CAC-FPEFTXJTEMCEPRXTRE","Tossapon.C","AITS25A1NB0160","Grant","2025-09-24 08:46:41.427","2025-09-24 09:04:16.883","17.59","Detachment","Dassault Systemes V5","R1132103523401","ConcurrentUser","1","STD","CAC-FPEFTXJTEMCEPRXTRE-Dassault Systemes V5-280001994250D768-240925084641-AITS25A1NB0160-Tossapon.C"
"180001994250CDFD","CAC-FPEFTXJTEMCEPRXTRE","Tossapon.C","AITS25A1NB0160","Grant","2025-09-25 07:45:54.799","2025-09-25 07:46:43.059","0.8","Detachment","Dassault Systemes V5","R1132103523401","ConcurrentUser","1","STD","CAC-FPEFTXJTEMCEPRXTRE-Dassault Systemes V5-180001994250CDFD-250925074554-AITS25A1NB0160-Tossapon.C"
"180001994250CE14","CAC-FPEFTXJTEMCEPRXTRE","Tossapon.C","AITS25A1NB0160","Grant","2025-09-25 09:34:25.272","2025-09-25 09:35:28.200","1.05","Detachment","Dassault Systemes V5","R1132103523401","ConcurrentUser","1","STD","CAC-FPEFTXJTEMCEPRXTRE-Dassault Systemes V5-180001994250CE14-250925093425-AITS25A1NB0160-Tossapon.C"
"4800019942511323","CAC-FPEFTXJTEMCEPRXTRE","Tossapon.C","AITS25A1NB0160","Grant","2025-09-25 09:35:32.622","2025-09-25 09:35:53.626","0.35","Detachment","Dassault Systemes V5","R1132103523401","ConcurrentUser","1","STD","CAC-FPEFTXJTEMCEPRXTRE-Dassault Systemes V5-4800019942511323-250925093532-AITS25A1NB0160-Tossapon.C"
"280001994250D868","CAC-FPEFTXJTEMCEPRXTRE","Tossapon.C","AITS25A1NB0160","Grant","2025-09-25 09:39:16.833","2025-09-25 10:06:40.340","27.39","Detachment","Dassault Systemes V5","R1132103523401","ConcurrentUser","1","STD","CAC-FPEFTXJTEMCEPRXTRE-Dassault Systemes V5-280001994250D868-250925093916-AITS25A1NB0160-Tossapon.C"
"280001994250D876","CAC-FPEFTXJTEMCEPRXTRE","Supakit.U","AITS25A1NB0140","Grant","2025-09-25 13:35:35.201","2025-09-25 14:07:26.876","31.86","Detachment","Dassault Systemes V5","R1132103523401","ConcurrentUser","1","STD","CAC-FPEFTXJTEMCEPRXTRE-Dassault Systemes V5-280001994250D876-250925133535-AITS25A1NB0140-Supakit.U"
"4800019942511658","CAC-FPEFTXJTEMCEPRXTRE","Tossapon.C","AITS25A1NB0160","Grant","2025-09-30 00:45:58.060","2025-09-30 00:46:21.298","0.39","Detachment","Dassault Systemes V5","R1132103523401","ConcurrentUser","1","STD","CAC-FPEFTXJTEMCEPRXTRE-Dassault Systemes V5-4800019942511658-300925004558-AITS25A1NB0160-Tossapon.C"
"180001994250D09C","CAC-FPEFTXJTEMCEPRXTRE","Tossapon.C","AITS25A1NB0160","Grant","2025-09-30 00:47:31.101","2025-09-30 00:47:52.264","0.35","Detachment","Dassault Systemes V5","R1132103523401","ConcurrentUser","1","STD","CAC-FPEFTXJTEMCEPRXTRE-Dassault Systemes V5-180001994250D09C-300925004731-AITS25A1NB0160-Tossapon.C"
"180001994250D09D","CAC-FPEFTXJTEMCEPRXTRE","Tossapon.C","AITS25A1NB0160","Grant","2025-09-30 00:47:55.380","2025-09-30 00:52:12.943","4.29","Detachment","Dassault Systemes V5","R1132103523401","ConcurrentUser","1","STD","CAC-FPEFTXJTEMCEPRXTRE-Dassault Systemes V5-180001994250D09D-300925004755-AITS25A1NB0160-Tossapon.C"
"180001994250D09B","CAC-FPEFTXJTEMCEPRXTRE","Tossapon.C","AITS25A1NB0160","Grant","2025-09-30 00:46:54.362","2025-09-30 01:04:33.363","17.65","TimeOut","Dassault Systemes V5","R1132103523401","ConcurrentUser","1","STD","CAC-FPEFTXJTEMCEPRXTRE-Dassault Systemes V5-180001994250D09B-300925004654-AITS25A1NB0160-Tossapon.C"
"4800019942511664","CAC-FPEFTXJTEMCEPRXTRE","Supakit.U","AITS25A1NB0140","Grant","2025-09-30 01:22:25.670","2025-09-30 04:43:16.426","200.85","TimeOut","Dassault Systemes V5","R1132103523401","ConcurrentUser","1","STD","CAC-FPEFTXJTEMCEPRXTRE-Dassault Systemes V5-4800019942511664-300925012225-AITS25A1NB0140-Supakit.U"
"48000199425116DB","CAC-FPEFTXJTEMCEPRXTRE","Supakit.U","AITS25A1NB0140","Grant","2025-09-30 04:59:59.231","2025-09-30 05:17:38.413","17.65","TimeOut","Dassault Systemes V5","R1132103523401","ConcurrentUser","1","STD","CAC-FPEFTXJTEMCEPRXTRE-Dassault Systemes V5-48000199425116DB-300925045959-AITS25A1NB0140-Supakit.U"
"48000199425116EC","CAC-FPEFTXJTEMCEPRXTRE","Supakit.U","AITS25A1NB0140","Grant","2025-09-30 06:00:45.129","2025-09-30 10:02:55.525","242.17","Detachment","Dassault Systemes V5","R1132103523401","ConcurrentUser","1","STD","CAC-FPEFTXJTEMCEPRXTRE-Dassault Systemes V5-48000199425116EC-300925060045-AITS25A1NB0140-Supakit.U"
"4800019942511781","CAC-FPEFTXJTEMCEPRXTRE","Tossapon.C","AITS25A1NB0160","Grant","2025-10-01 01:01:26.808","2025-10-01 01:22:41.932","21.25","Detachment","Dassault Systemes V5","R1132103523401","ConcurrentUser","1","STD","CAC-FPEFTXJTEMCEPRXTRE-Dassault Systemes V5-4800019942511781-011025010126-AITS25A1NB0160-Tossapon.C"
"180001994250D15F","CAC-FPEFTXJTEMCEPRXTRE","Supakit.U","AITS25A1NB0140","Grant","2025-10-01 01:25:06.215","2025-10-01 04:21:20.966","176.25","Detachment","Dassault Systemes V5","R1132103523401","ConcurrentUser","1","STD","CAC-FPEFTXJTEMCEPRXTRE-Dassault Systemes V5-180001994250D15F-011025012506-AITS25A1NB0140-Supakit.U"
"280001994250DBB1","CAC-FPEFTXJTEMCEPRXTRE","Supakit.U","AITS25A1NB0140","Grant","2025-10-01 04:37:22.726","2025-10-01 04:37:52.368","0.49","Detachment","Dassault Systemes V5","R1132103523401","ConcurrentUser","1","STD","CAC-FPEFTXJTEMCEPRXTRE-Dassault Systemes V5-280001994250DBB1-011025043722-AITS25A1NB0140-Supakit.U"
"48000199425117C7","CAC-FPEFTXJTEMCEPRXTRE","Supakit.U","AITS25A1NB0140","Grant","2025-10-01 04:37:03.673","2025-10-01 04:37:53.938","0.84","Detachment","Dassault Systemes V5","R1132103523401","ConcurrentUser","1","STD","CAC-FPEFTXJTEMCEPRXTRE-Dassault Systemes V5-48000199425117C7-011025043703-AITS25A1NB0140-Supakit.U"
"180001994250D183","CAC-FPEFTXJTEMCEPRXTRE","Supakit.U","AITS25A1NB0140","Grant","2025-10-01 04:40:42.427","2025-10-01 04:58:21.427","17.65","TimeOut","Dassault Systemes V5","R1132103523401","ConcurrentUser","1","STD","CAC-FPEFTXJTEMCEPRXTRE-Dassault Systemes V5-180001994250D183-011025044042-AITS25A1NB0140-Supakit.U"
"180001994250D192","CAC-FPEFTXJTEMCEPRXTRE","Supakit.U","AITS25A1NB0140","Grant","2025-10-01 06:00:55.532","2025-10-01 10:01:14.402","240.31","Detachment","Dassault Systemes V5","R1132103523401","ConcurrentUser","1","STD","CAC-FPEFTXJTEMCEPRXTRE-Dassault Systemes V5-180001994250D192-011025060055-AITS25A1NB0140-Supakit.U"
"180001994250D20C","CAC-FPEFTXJTEMCEPRXTRE","Supakit.U","AITS25A1NB0140","Grant","2025-10-02 01:04:43.413","2025-10-02 05:15:36.935","250.89","TimeOut","Dassault Systemes V5","R1132103523401","ConcurrentUser","1","STD","CAC-FPEFTXJTEMCEPRXTRE-Dassault Systemes V5-180001994250D20C-021025010443-AITS25A1NB0140-Supakit.U"
"180001994250D25A","CAC-FPEFTXJTEMCEPRXTRE","Supakit.U","AITS25A1NB0140","Grant","2025-10-02 05:59:53.597","2025-10-02 06:03:48.346","3.91","Detachment","Dassault Systemes V5","R1132103523401","ConcurrentUser","1","STD","CAC-FPEFTXJTEMCEPRXTRE-Dassault Systemes V5-180001994250D25A-021025055953-AITS25A1NB0140-Supakit.U"
"48000199425118C8","CAC-FPEFTXJTEMCEPRXTRE","Supakit.U","AITS25A1NB0140","Grant","2025-10-02 06:00:15.703","2025-10-02 10:15:35.538","255.33","Detachment","Dassault Systemes V5","R1132103523401","ConcurrentUser","1","STD","CAC-FPEFTXJTEMCEPRXTRE-Dassault Systemes V5-48000199425118C8-021025060015-AITS25A1NB0140-Supakit.U"
"480001994251193E","CAC-FPEFTXJTEMCEPRXTRE","Supakit.U","AITS25A1NB0140","Grant","2025-10-03 01:08:56.702","2025-10-03 05:19:19.241","250.38","TimeOut","Dassault Systemes V5","R1132103523401","ConcurrentUser","1","STD","CAC-FPEFTXJTEMCEPRXTRE-Dassault Systemes V5-480001994251193E-031025010856-AITS25A1NB0140-Supakit.U"
"480001994251197B","CAC-FPEFTXJTEMCEPRXTRE","Supakit.U","AITS25A1NB0140","Grant","2025-10-03 06:03:48.406","2025-10-03 10:00:09.615","236.35","Detachment","Dassault Systemes V5","R1132103523401","ConcurrentUser","1","STD","CAC-FPEFTXJTEMCEPRXTRE-Dassault Systemes V5-480001994251197B-031025060348-AITS25A1NB0140-Supakit.U"
"180001994250D3EA","CAC-FPEFTXJTEMCEPRXTRE","Supakit.U","AITS25A1NB0140","Grant","2025-10-06 01:05:00.841","2025-10-06 04:59:09.759","234.15","TimeOut","Dassault Systemes V5","R1132103523401","ConcurrentUser","1","STD","CAC-FPEFTXJTEMCEPRXTRE-Dassault Systemes V5-180001994250D3EA-061025010500-AITS25A1NB0140-Supakit.U"
"180001994250D41F","CAC-FPEFTXJTEMCEPRXTRE","Supakit.U","AITS25A1NB0140","Grant","2025-10-06 06:01:52.216","2025-10-06 07:09:29.144","67.62","TimeOut","Dassault Systemes V5","R1132103523401","ConcurrentUser","1","STD","CAC-FPEFTXJTEMCEPRXTRE-Dassault Systemes V5-180001994250D41F-061025060152-AITS25A1NB0140-Supakit.U"
"180001994250D437","CAC-FPEFTXJTEMCEPRXTRE","Supakit.U","AITS25A1NB0140","Grant","2025-10-06 07:11:31.016","2025-10-06 07:29:10.195","17.65","TimeOut","Dassault Systemes V5","R1132103523401","ConcurrentUser","1","STD","CAC-FPEFTXJTEMCEPRXTRE-Dassault Systemes V5-180001994250D437-061025071131-AITS25A1NB0140-Supakit.U"
"180001994250D465","CAC-FPEFTXJTEMCEPRXTRE","Supakit.U","AITS25A1NB0140","Grant","2025-10-06 08:43:25.301","2025-10-06 10:06:02.456","82.62","Detachment","Dassault Systemes V5","R1132103523401","ConcurrentUser","1","STD","CAC-FPEFTXJTEMCEPRXTRE-Dassault Systemes V5-180001994250D465-061025084325-AITS25A1NB0140-Supakit.U"
"280001994250DEB3","CAC-FPEFTXJTEMCEPRXTRE","Supakit.U","AITS25A1NB0140","Grant","2025-10-07 01:25:23.351","2025-10-07 03:56:16.134","150.88","TimeOut","Dassault Systemes V5","R1132103523401","ConcurrentUser","1","STD","CAC-FPEFTXJTEMCEPRXTRE-Dassault Systemes V5-280001994250DEB3-071025012523-AITS25A1NB0140-Supakit.U"
"280001994250DEFE","CAC-FPEFTXJTEMCEPRXTRE","Supakit.U","AITS25A1NB0140","Grant","2025-10-07 06:33:49.459","2025-10-07 10:00:54.353","207.08","Detachment","Dassault Systemes V5","R1132103523401","ConcurrentUser","1","STD","CAC-FPEFTXJTEMCEPRXTRE-Dassault Systemes V5-280001994250DEFE-071025063349-AITS25A1NB0140-Supakit.U"